-- ============================================================
-- POS-iaDoS v2.1.0: Seed completo desde BD local (tenant_id=1)
-- ============================================================
USE pos_iados;

INSERT IGNORE INTO `tenants` (`id`, `nombre`, `slug`, `razon_social`, `rfc`, `direccion`, `telefono`, `email`, `logo_url`, `activo`, `created_at`, `updated_at`) VALUES (1,'iaDoS Corp','iados-corp','iaDoS - Inteligencia Artificial DevOps Solutions',NULL,NULL,'555-IADOS','info@iados.mx',NULL,1,'2026-02-17 07:49:37.000000','2026-02-17 07:49:37.000000');
INSERT IGNORE INTO `empresas` (`id`, `tenant_id`, `nombre`, `razon_social`, `rfc`, `direccion`, `telefono`, `email`, `logo_url`, `activo`, `created_at`, `updated_at`, `config_apariencia`) VALUES (1,1,'Restaurante Demo iaDoS','Restaurante Demo SA de CV',NULL,NULL,NULL,NULL,NULL,1,'2026-02-17 07:49:37.000000','2026-02-21 17:42:09.000000','{\"tema\": \"default\", \"paleta\": \"default\"}');
INSERT IGNORE INTO `tiendas` (`id`, `tenant_id`, `empresa_id`, `nombre`, `direccion`, `telefono`, `email`, `zona_horaria`, `config_ticket`, `config_impresora`, `activo`, `created_at`, `updated_at`, `config_pos`) VALUES (1,1,1,'Sucursal Centro','Av. Principal #123, Centro, CDMX','','','America/Mexico_City',NULL,'{\"ancho\": 80, \"copias\": 1, \"modelo\": \"\", \"auto_print\": false}',1,'2026-02-17 07:49:37.000000','2026-02-21 17:42:12.000000','{\"num_mesas\": 20, \"iva_enabled\": false, \"iva_incluido\": true, \"modo_servicio\": \"mesa\", \"iva_porcentaje\": 16, \"tipo_cobro_mesa\": \"post_pago\"}');
INSERT IGNORE INTO `users` (`id`, `tenant_id`, `empresa_id`, `tienda_id`, `nombre`, `email`, `password`, `rol`, `pin`, `activo`, `ultimo_login`, `created_at`, `updated_at`) VALUES (2,1,1,1,'Administrador','admin2@iados.mx','$2a$10$myYBWxZtPsxEK7UypGTglOp3Dl/ba2PQWPilmkOpslKZSP5H8UsXS','admin','1111',1,NULL,'2026-02-17 07:49:37.000000','2026-02-17 07:49:37.000000');
INSERT IGNORE INTO `users` (`id`, `tenant_id`, `empresa_id`, `tienda_id`, `nombre`, `email`, `password`, `rol`, `pin`, `activo`, `ultimo_login`, `created_at`, `updated_at`) VALUES (3,1,1,1,'Cajero Demo','cajero@iados.mx','$2a$10$ybGoi3K9MIB/IU46OMnGDeUA2p2xQABNvTGbqKDb.mJ8sg9xBWZfy','cajero','1234',1,NULL,'2026-02-17 07:49:37.000000','2026-02-17 07:49:37.000000');
INSERT IGNORE INTO `users` (`id`, `tenant_id`, `empresa_id`, `tienda_id`, `nombre`, `email`, `password`, `rol`, `pin`, `activo`, `ultimo_login`, `created_at`, `updated_at`) VALUES (4,1,1,1,'Mesero Demo','mesero@iados.mx','$2a$10$ybGoi3K9MIB/IU46OMnGDeUA2p2xQABNvTGbqKDb.mJ8sg9xBWZfy','mesero','5678',1,NULL,'2026-02-17 07:49:37.000000','2026-02-17 22:47:12.000000');
INSERT IGNORE INTO `users` (`id`, `tenant_id`, `empresa_id`, `tienda_id`, `nombre`, `email`, `password`, `rol`, `pin`, `activo`, `ultimo_login`, `created_at`, `updated_at`) VALUES (1,1,1,1,'Super Admin','admin@iados.mx','$2a$10$myYBWxZtPsxEK7UypGTglOp3Dl/ba2PQWPilmkOpslKZSP5H8UsXS','superadmin','0000',1,'2026-02-25 00:36:27','2026-02-17 07:49:37.000000','2026-02-25 00:36:26.000000');
INSERT IGNORE INTO `licencias` (`id`, `tenant_id`, `codigo_instalacion`, `codigo_activacion`, `plan`, `features`, `max_tiendas`, `max_usuarios`, `fecha_inicio`, `fecha_fin`, `grace_days`, `offline_allowed`, `estado`, `activated_at`, `last_heartbeat`, `notas`, `created_at`, `updated_at`) VALUES (1,1,'INS-E7B5A92B',NULL,'pro','[\"pos\", \"caja\", \"pedidos\", \"reportes\", \"dashboard\"]',2,5,'2026-02-18','2026-03-20',7,1,'trial',NULL,NULL,NULL,'2026-02-18 00:17:57.583639','2026-02-18 00:17:57.583639');
INSERT IGNORE INTO `ticket_configs` (`id`, `tenant_id`, `empresa_id`, `tienda_id`, `encabezado_linea1`, `encabezado_linea2`, `encabezado_linea3`, `pie_linea1`, `pie_linea2`, `ancho_papel`, `columnas`, `mostrar_logo`, `mostrar_fecha`, `mostrar_cajero`, `mostrar_folio`, `mostrar_marca_iados`, `created_at`, `updated_at`, `logo_url`) VALUES (1,1,NULL,NULL,'Restaurante Demo iaDoS','Av. Principal #123, Centro','Tel: 555-IADOS','Gracias por su preferencia!','Desarrollado por iaDoS - iados.mx',80,42,1,1,1,1,1,'2026-02-17 07:49:37.000000','2026-02-17 07:49:37.000000',NULL);
INSERT IGNORE INTO `categorias` (`id`, `tenant_id`, `empresa_id`, `nombre`, `descripcion`, `color`, `icono`, `orden`, `activo`, `es_seccion_especial`, `tipo_seccion`, `created_at`, `updated_at`, `imagen_url`) VALUES (1,1,1,'Hamburguesas',NULL,'#FF6B35','burger',1,1,0,'','2026-02-17 07:49:37.000000','2026-02-18 01:13:44.000000','https://img.hogar.mapfre.es/wp-content/uploads/2018/09/hamburguesa-sencilla.jpg');
INSERT IGNORE INTO `categorias` (`id`, `tenant_id`, `empresa_id`, `nombre`, `descripcion`, `color`, `icono`, `orden`, `activo`, `es_seccion_especial`, `tipo_seccion`, `created_at`, `updated_at`, `imagen_url`) VALUES (2,1,1,'Pizzas',NULL,'#E8272C','pizza',2,1,0,'','2026-02-17 07:49:37.000000','2026-02-18 01:24:08.000000','https://www.sortirambnens.com/wp-content/uploads/2019/02/pizza-de-peperoni.jpg');
INSERT IGNORE INTO `categorias` (`id`, `tenant_id`, `empresa_id`, `nombre`, `descripcion`, `color`, `icono`, `orden`, `activo`, `es_seccion_especial`, `tipo_seccion`, `created_at`, `updated_at`, `imagen_url`) VALUES (3,1,1,'Tacos',NULL,'#FFA500','taco',3,1,0,NULL,'2026-02-17 07:49:37.000000','2026-02-17 07:49:37.000000',NULL);
INSERT IGNORE INTO `categorias` (`id`, `tenant_id`, `empresa_id`, `nombre`, `descripcion`, `color`, `icono`, `orden`, `activo`, `es_seccion_especial`, `tipo_seccion`, `created_at`, `updated_at`, `imagen_url`) VALUES (4,1,1,'Ensaladas',NULL,'#4CAF50','salad',4,1,0,NULL,'2026-02-17 07:49:37.000000','2026-02-17 07:49:37.000000',NULL);
INSERT IGNORE INTO `categorias` (`id`, `tenant_id`, `empresa_id`, `nombre`, `descripcion`, `color`, `icono`, `orden`, `activo`, `es_seccion_especial`, `tipo_seccion`, `created_at`, `updated_at`, `imagen_url`) VALUES (5,1,1,'Bebidas',NULL,'#2196F3','drink',5,1,1,'bebidas','2026-02-17 07:49:37.000000','2026-02-17 07:49:37.000000',NULL);
INSERT IGNORE INTO `categorias` (`id`, `tenant_id`, `empresa_id`, `nombre`, `descripcion`, `color`, `icono`, `orden`, `activo`, `es_seccion_especial`, `tipo_seccion`, `created_at`, `updated_at`, `imagen_url`) VALUES (6,1,1,'Postres',NULL,'#E91E63','cake',6,1,1,'postres','2026-02-17 07:49:37.000000','2026-02-17 07:49:37.000000',NULL);
INSERT IGNORE INTO `categorias` (`id`, `tenant_id`, `empresa_id`, `nombre`, `descripcion`, `color`, `icono`, `orden`, `activo`, `es_seccion_especial`, `tipo_seccion`, `created_at`, `updated_at`, `imagen_url`) VALUES (7,1,1,'Extras',NULL,'#9C27B0','plus',7,1,1,'adicionales','2026-02-17 07:49:37.000000','2026-02-17 07:49:37.000000',NULL);
INSERT IGNORE INTO `productos` (`id`, `tenant_id`, `empresa_id`, `sku`, `nombre`, `descripcion`, `precio`, `costo`, `categoria_id`, `codigo_barras`, `unidad`, `impuesto_pct`, `disponible`, `activo`, `controla_stock`, `stock_actual`, `stock_minimo`, `orden`, `modificadores`, `created_at`, `updated_at`, `imagen_url`) VALUES (1,1,1,'HAM001','Hamburguesa Clasica','Carne 150g, lechuga, tomate, cebolla',89.00,35.00,1,NULL,'pza',16.00,1,1,0,0.00,NULL,0,NULL,'2026-02-17 07:49:37.000000','2026-02-17 07:49:37.000000',NULL);
INSERT IGNORE INTO `productos` (`id`, `tenant_id`, `empresa_id`, `sku`, `nombre`, `descripcion`, `precio`, `costo`, `categoria_id`, `codigo_barras`, `unidad`, `impuesto_pct`, `disponible`, `activo`, `controla_stock`, `stock_actual`, `stock_minimo`, `orden`, `modificadores`, `created_at`, `updated_at`, `imagen_url`) VALUES (2,1,1,'HAM002','Hamburguesa Doble','Doble carne 300g, queso, tocino',129.00,55.00,1,NULL,'pza',16.00,1,1,0,0.00,NULL,0,NULL,'2026-02-17 07:49:37.000000','2026-02-17 07:49:37.000000',NULL);
INSERT IGNORE INTO `productos` (`id`, `tenant_id`, `empresa_id`, `sku`, `nombre`, `descripcion`, `precio`, `costo`, `categoria_id`, `codigo_barras`, `unidad`, `impuesto_pct`, `disponible`, `activo`, `controla_stock`, `stock_actual`, `stock_minimo`, `orden`, `modificadores`, `created_at`, `updated_at`, `imagen_url`) VALUES (3,1,1,'HAM003','Hamburguesa BBQ','Carne 150g, salsa BBQ, aros de cebolla',99.00,40.00,1,NULL,'pza',16.00,1,1,0,0.00,NULL,0,NULL,'2026-02-17 07:49:37.000000','2026-02-17 07:49:37.000000',NULL);
INSERT IGNORE INTO `productos` (`id`, `tenant_id`, `empresa_id`, `sku`, `nombre`, `descripcion`, `precio`, `costo`, `categoria_id`, `codigo_barras`, `unidad`, `impuesto_pct`, `disponible`, `activo`, `controla_stock`, `stock_actual`, `stock_minimo`, `orden`, `modificadores`, `created_at`, `updated_at`, `imagen_url`) VALUES (4,1,1,'HAM004','Hamburguesa Pollo','Pechuga empanizada, mayo, lechuga',85.00,30.00,1,NULL,'pza',16.00,1,1,0,0.00,NULL,0,NULL,'2026-02-17 07:49:37.000000','2026-02-17 07:49:37.000000',NULL);
INSERT IGNORE INTO `productos` (`id`, `tenant_id`, `empresa_id`, `sku`, `nombre`, `descripcion`, `precio`, `costo`, `categoria_id`, `codigo_barras`, `unidad`, `impuesto_pct`, `disponible`, `activo`, `controla_stock`, `stock_actual`, `stock_minimo`, `orden`, `modificadores`, `created_at`, `updated_at`, `imagen_url`) VALUES (5,1,1,'PIZ001','Pizza Pepperoni Med','Pizza mediana de pepperoni',149.00,50.00,2,NULL,'pza',16.00,1,1,0,0.00,NULL,0,NULL,'2026-02-17 07:49:37.000000','2026-02-17 07:49:37.000000',NULL);
INSERT IGNORE INTO `productos` (`id`, `tenant_id`, `empresa_id`, `sku`, `nombre`, `descripcion`, `precio`, `costo`, `categoria_id`, `codigo_barras`, `unidad`, `impuesto_pct`, `disponible`, `activo`, `controla_stock`, `stock_actual`, `stock_minimo`, `orden`, `modificadores`, `created_at`, `updated_at`, `imagen_url`) VALUES (6,1,1,'PIZ002','Pizza Hawaiana Med','Pizza mediana hawaiana',139.00,45.00,2,NULL,'pza',16.00,1,1,0,0.00,NULL,0,NULL,'2026-02-17 07:49:37.000000','2026-02-17 07:49:37.000000',NULL);
INSERT IGNORE INTO `productos` (`id`, `tenant_id`, `empresa_id`, `sku`, `nombre`, `descripcion`, `precio`, `costo`, `categoria_id`, `codigo_barras`, `unidad`, `impuesto_pct`, `disponible`, `activo`, `controla_stock`, `stock_actual`, `stock_minimo`, `orden`, `modificadores`, `created_at`, `updated_at`, `imagen_url`) VALUES (7,1,1,'PIZ003','Pizza 4 Quesos Med','Pizza mediana 4 quesos',159.00,55.00,2,NULL,'pza',16.00,1,1,0,0.00,NULL,0,NULL,'2026-02-17 07:49:37.000000','2026-02-17 07:49:37.000000',NULL);
INSERT IGNORE INTO `productos` (`id`, `tenant_id`, `empresa_id`, `sku`, `nombre`, `descripcion`, `precio`, `costo`, `categoria_id`, `codigo_barras`, `unidad`, `impuesto_pct`, `disponible`, `activo`, `controla_stock`, `stock_actual`, `stock_minimo`, `orden`, `modificadores`, `created_at`, `updated_at`, `imagen_url`) VALUES (8,1,1,'TAC001','Orden Tacos Pastor (3)','3 tacos al pastor con pina y cilantro',65.00,25.00,3,NULL,'pza',16.00,1,1,0,0.00,NULL,0,NULL,'2026-02-17 07:49:37.000000','2026-02-17 07:49:37.000000',NULL);
INSERT IGNORE INTO `productos` (`id`, `tenant_id`, `empresa_id`, `sku`, `nombre`, `descripcion`, `precio`, `costo`, `categoria_id`, `codigo_barras`, `unidad`, `impuesto_pct`, `disponible`, `activo`, `controla_stock`, `stock_actual`, `stock_minimo`, `orden`, `modificadores`, `created_at`, `updated_at`, `imagen_url`) VALUES (9,1,1,'TAC002','Orden Tacos Bistec (3)','3 tacos de bistec con cebolla',75.00,30.00,3,NULL,'pza',16.00,1,1,0,0.00,NULL,0,NULL,'2026-02-17 07:49:37.000000','2026-02-17 07:49:37.000000',NULL);
INSERT IGNORE INTO `productos` (`id`, `tenant_id`, `empresa_id`, `sku`, `nombre`, `descripcion`, `precio`, `costo`, `categoria_id`, `codigo_barras`, `unidad`, `impuesto_pct`, `disponible`, `activo`, `controla_stock`, `stock_actual`, `stock_minimo`, `orden`, `modificadores`, `created_at`, `updated_at`, `imagen_url`) VALUES (10,1,1,'TAC003','Orden Tacos Suadero (3)','3 tacos de suadero',70.00,28.00,3,NULL,'pza',16.00,1,1,0,0.00,NULL,0,NULL,'2026-02-17 07:49:37.000000','2026-02-17 07:49:37.000000',NULL);
INSERT IGNORE INTO `productos` (`id`, `tenant_id`, `empresa_id`, `sku`, `nombre`, `descripcion`, `precio`, `costo`, `categoria_id`, `codigo_barras`, `unidad`, `impuesto_pct`, `disponible`, `activo`, `controla_stock`, `stock_actual`, `stock_minimo`, `orden`, `modificadores`, `created_at`, `updated_at`, `imagen_url`) VALUES (11,1,1,'ENS001','Ensalada Cesar','Lechuga, crutones, parmesano, aderezo cesar',79.00,25.00,4,NULL,'pza',16.00,1,1,0,0.00,NULL,0,NULL,'2026-02-17 07:49:37.000000','2026-02-17 07:49:37.000000',NULL);
INSERT IGNORE INTO `productos` (`id`, `tenant_id`, `empresa_id`, `sku`, `nombre`, `descripcion`, `precio`, `costo`, `categoria_id`, `codigo_barras`, `unidad`, `impuesto_pct`, `disponible`, `activo`, `controla_stock`, `stock_actual`, `stock_minimo`, `orden`, `modificadores`, `created_at`, `updated_at`, `imagen_url`) VALUES (12,1,1,'ENS002','Ensalada Mixta','Mix de lechugas, tomate, pepino, zanahoria',69.00,20.00,4,NULL,'pza',16.00,1,1,0,0.00,NULL,0,NULL,'2026-02-17 07:49:37.000000','2026-02-17 07:49:37.000000',NULL);
INSERT IGNORE INTO `productos` (`id`, `tenant_id`, `empresa_id`, `sku`, `nombre`, `descripcion`, `precio`, `costo`, `categoria_id`, `codigo_barras`, `unidad`, `impuesto_pct`, `disponible`, `activo`, `controla_stock`, `stock_actual`, `stock_minimo`, `orden`, `modificadores`, `created_at`, `updated_at`, `imagen_url`) VALUES (13,1,1,'BEB001','Refresco 600ml','Cola, naranja, limon o toronja',25.00,12.00,5,NULL,'pza',16.00,1,1,0,0.00,NULL,0,NULL,'2026-02-17 07:49:37.000000','2026-02-17 07:49:37.000000',NULL);
INSERT IGNORE INTO `productos` (`id`, `tenant_id`, `empresa_id`, `sku`, `nombre`, `descripcion`, `precio`, `costo`, `categoria_id`, `codigo_barras`, `unidad`, `impuesto_pct`, `disponible`, `activo`, `controla_stock`, `stock_actual`, `stock_minimo`, `orden`, `modificadores`, `created_at`, `updated_at`, `imagen_url`) VALUES (14,1,1,'BEB002','Agua Natural 600ml','Agua purificada',15.00,5.00,5,NULL,'pza',16.00,1,1,0,0.00,NULL,0,NULL,'2026-02-17 07:49:37.000000','2026-02-18 01:23:30.000000','https://carnemart.com/wp-content/uploads/2025/10/850620.png');
INSERT IGNORE INTO `productos` (`id`, `tenant_id`, `empresa_id`, `sku`, `nombre`, `descripcion`, `precio`, `costo`, `categoria_id`, `codigo_barras`, `unidad`, `impuesto_pct`, `disponible`, `activo`, `controla_stock`, `stock_actual`, `stock_minimo`, `orden`, `modificadores`, `created_at`, `updated_at`, `imagen_url`) VALUES (15,1,1,'BEB003','Jugo Natural','Naranja, zanahoria o verde',35.00,15.00,5,NULL,'pza',16.00,1,1,0,0.00,NULL,0,NULL,'2026-02-17 07:49:37.000000','2026-02-17 07:49:37.000000',NULL);
INSERT IGNORE INTO `productos` (`id`, `tenant_id`, `empresa_id`, `sku`, `nombre`, `descripcion`, `precio`, `costo`, `categoria_id`, `codigo_barras`, `unidad`, `impuesto_pct`, `disponible`, `activo`, `controla_stock`, `stock_actual`, `stock_minimo`, `orden`, `modificadores`, `created_at`, `updated_at`, `imagen_url`) VALUES (16,1,1,'BEB004','Limonada','Limonada natural preparada',28.00,8.00,5,NULL,'pza',16.00,1,1,0,0.00,NULL,0,NULL,'2026-02-17 07:49:37.000000','2026-02-17 07:49:37.000000',NULL);
INSERT IGNORE INTO `productos` (`id`, `tenant_id`, `empresa_id`, `sku`, `nombre`, `descripcion`, `precio`, `costo`, `categoria_id`, `codigo_barras`, `unidad`, `impuesto_pct`, `disponible`, `activo`, `controla_stock`, `stock_actual`, `stock_minimo`, `orden`, `modificadores`, `created_at`, `updated_at`, `imagen_url`) VALUES (17,1,1,'BEB005','Cafe Americano','Cafe de grano recien preparado',30.00,8.00,5,NULL,'pza',16.00,1,1,0,0.00,NULL,0,NULL,'2026-02-17 07:49:37.000000','2026-02-18 20:08:22.000000','http://www.somoselcafe.com.ar/img/novedades/47.jpg');
INSERT IGNORE INTO `productos` (`id`, `tenant_id`, `empresa_id`, `sku`, `nombre`, `descripcion`, `precio`, `costo`, `categoria_id`, `codigo_barras`, `unidad`, `impuesto_pct`, `disponible`, `activo`, `controla_stock`, `stock_actual`, `stock_minimo`, `orden`, `modificadores`, `created_at`, `updated_at`, `imagen_url`) VALUES (18,1,1,'POS001','Pastel Chocolate','Rebanada de pastel de chocolate',55.00,20.00,6,NULL,'pza',16.00,1,1,0,0.00,NULL,0,NULL,'2026-02-17 07:49:37.000000','2026-02-17 07:49:37.000000',NULL);
INSERT IGNORE INTO `productos` (`id`, `tenant_id`, `empresa_id`, `sku`, `nombre`, `descripcion`, `precio`, `costo`, `categoria_id`, `codigo_barras`, `unidad`, `impuesto_pct`, `disponible`, `activo`, `controla_stock`, `stock_actual`, `stock_minimo`, `orden`, `modificadores`, `created_at`, `updated_at`, `imagen_url`) VALUES (19,1,1,'POS002','Helado 2 Bolas','Helado artesanal, elige 2 sabores',45.00,15.00,6,NULL,'pza',16.00,1,1,0,0.00,NULL,0,NULL,'2026-02-17 07:49:37.000000','2026-02-17 07:49:37.000000',NULL);
INSERT IGNORE INTO `productos` (`id`, `tenant_id`, `empresa_id`, `sku`, `nombre`, `descripcion`, `precio`, `costo`, `categoria_id`, `codigo_barras`, `unidad`, `impuesto_pct`, `disponible`, `activo`, `controla_stock`, `stock_actual`, `stock_minimo`, `orden`, `modificadores`, `created_at`, `updated_at`, `imagen_url`) VALUES (20,1,1,'POS003','Flan Napolitano','Flan casero con caramelo',40.00,12.00,6,NULL,'pza',16.00,1,1,0,0.00,NULL,0,NULL,'2026-02-17 07:49:37.000000','2026-02-17 07:49:37.000000',NULL);
INSERT IGNORE INTO `productos` (`id`, `tenant_id`, `empresa_id`, `sku`, `nombre`, `descripcion`, `precio`, `costo`, `categoria_id`, `codigo_barras`, `unidad`, `impuesto_pct`, `disponible`, `activo`, `controla_stock`, `stock_actual`, `stock_minimo`, `orden`, `modificadores`, `created_at`, `updated_at`, `imagen_url`) VALUES (21,1,1,'EXT001','Extra Queso','Porcion extra de queso',15.00,5.00,7,NULL,'pza',16.00,1,1,0,0.00,NULL,0,NULL,'2026-02-17 07:49:37.000000','2026-02-17 07:49:37.000000',NULL);
INSERT IGNORE INTO `productos` (`id`, `tenant_id`, `empresa_id`, `sku`, `nombre`, `descripcion`, `precio`, `costo`, `categoria_id`, `codigo_barras`, `unidad`, `impuesto_pct`, `disponible`, `activo`, `controla_stock`, `stock_actual`, `stock_minimo`, `orden`, `modificadores`, `created_at`, `updated_at`, `imagen_url`) VALUES (22,1,1,'EXT002','Extra Tocino','Porcion extra de tocino crujiente',20.00,8.00,7,NULL,'pza',16.00,1,1,0,0.00,NULL,0,NULL,'2026-02-17 07:49:37.000000','2026-02-17 07:49:37.000000',NULL);
INSERT IGNORE INTO `productos` (`id`, `tenant_id`, `empresa_id`, `sku`, `nombre`, `descripcion`, `precio`, `costo`, `categoria_id`, `codigo_barras`, `unidad`, `impuesto_pct`, `disponible`, `activo`, `controla_stock`, `stock_actual`, `stock_minimo`, `orden`, `modificadores`, `created_at`, `updated_at`, `imagen_url`) VALUES (23,1,1,'EXT003','Papas Fritas','Porcion de papas fritas crujientes',35.00,12.00,7,NULL,'pza',16.00,1,1,0,0.00,NULL,0,NULL,'2026-02-17 07:49:37.000000','2026-02-17 07:49:37.000000',NULL);
INSERT IGNORE INTO `productos` (`id`, `tenant_id`, `empresa_id`, `sku`, `nombre`, `descripcion`, `precio`, `costo`, `categoria_id`, `codigo_barras`, `unidad`, `impuesto_pct`, `disponible`, `activo`, `controla_stock`, `stock_actual`, `stock_minimo`, `orden`, `modificadores`, `created_at`, `updated_at`, `imagen_url`) VALUES (24,1,1,'EXT004','Guacamole','Porcion de guacamole fresco',25.00,10.00,7,NULL,'pza',16.00,1,1,0,0.00,NULL,0,NULL,'2026-02-17 07:49:37.000000','2026-02-17 22:51:06.000000',NULL);
INSERT IGNORE INTO `productos` (`id`, `tenant_id`, `empresa_id`, `sku`, `nombre`, `descripcion`, `precio`, `costo`, `categoria_id`, `codigo_barras`, `unidad`, `impuesto_pct`, `disponible`, `activo`, `controla_stock`, `stock_actual`, `stock_minimo`, `orden`, `modificadores`, `created_at`, `updated_at`, `imagen_url`) VALUES (25,1,1,'EXT005','Aros de Cebolla','Porcion de aros de cebolla',30.00,10.00,7,NULL,'pza',16.00,1,1,0,0.00,NULL,0,NULL,'2026-02-17 07:49:37.000000','2026-02-18 01:23:42.000000','https://www.mylatinatable.com/wp-content/uploads/2016/01/foto-heroe.jpg');
INSERT IGNORE INTO `menu_digital_config` (`id`, `tenant_id`, `empresa_id`, `tienda_id`, `slug`, `is_active`, `modo_menu`, `sync_mode`, `sync_interval`, `cloud_url`, `api_key`, `last_published_at`, `last_publish_status`, `last_publish_error`, `created_at`, `updated_at`, `plantilla`) VALUES (2,1,1,1,'sucursal-centro-mlw5zgbo',0,'consulta','manual',30,NULL,'ebf018e0da86457faa8b75117c0c43d341862f05833f546956142b4657400fc5',NULL,NULL,NULL,'2026-02-21 10:16:49.028039','2026-02-21 10:16:49.028039','oscuro');

-- PRODUCTO_TIENDA: vincular productos activos de tenant_id=1 a tienda_id=1
INSERT IGNORE INTO `producto_tienda` (`tenant_id`,`tienda_id`,`producto_id`,`disponible`) VALUES (1,1,1,1);
INSERT IGNORE INTO `producto_tienda` (`tenant_id`,`tienda_id`,`producto_id`,`disponible`) VALUES (1,1,2,1);
INSERT IGNORE INTO `producto_tienda` (`tenant_id`,`tienda_id`,`producto_id`,`disponible`) VALUES (1,1,3,1);
INSERT IGNORE INTO `producto_tienda` (`tenant_id`,`tienda_id`,`producto_id`,`disponible`) VALUES (1,1,4,1);
INSERT IGNORE INTO `producto_tienda` (`tenant_id`,`tienda_id`,`producto_id`,`disponible`) VALUES (1,1,5,1);
INSERT IGNORE INTO `producto_tienda` (`tenant_id`,`tienda_id`,`producto_id`,`disponible`) VALUES (1,1,6,1);
INSERT IGNORE INTO `producto_tienda` (`tenant_id`,`tienda_id`,`producto_id`,`disponible`) VALUES (1,1,7,1);
INSERT IGNORE INTO `producto_tienda` (`tenant_id`,`tienda_id`,`producto_id`,`disponible`) VALUES (1,1,8,1);
INSERT IGNORE INTO `producto_tienda` (`tenant_id`,`tienda_id`,`producto_id`,`disponible`) VALUES (1,1,9,1);
INSERT IGNORE INTO `producto_tienda` (`tenant_id`,`tienda_id`,`producto_id`,`disponible`) VALUES (1,1,10,1);
INSERT IGNORE INTO `producto_tienda` (`tenant_id`,`tienda_id`,`producto_id`,`disponible`) VALUES (1,1,11,1);
INSERT IGNORE INTO `producto_tienda` (`tenant_id`,`tienda_id`,`producto_id`,`disponible`) VALUES (1,1,12,1);
INSERT IGNORE INTO `producto_tienda` (`tenant_id`,`tienda_id`,`producto_id`,`disponible`) VALUES (1,1,13,1);
INSERT IGNORE INTO `producto_tienda` (`tenant_id`,`tienda_id`,`producto_id`,`disponible`) VALUES (1,1,14,1);
INSERT IGNORE INTO `producto_tienda` (`tenant_id`,`tienda_id`,`producto_id`,`disponible`) VALUES (1,1,15,1);
INSERT IGNORE INTO `producto_tienda` (`tenant_id`,`tienda_id`,`producto_id`,`disponible`) VALUES (1,1,16,1);
INSERT IGNORE INTO `producto_tienda` (`tenant_id`,`tienda_id`,`producto_id`,`disponible`) VALUES (1,1,17,1);
INSERT IGNORE INTO `producto_tienda` (`tenant_id`,`tienda_id`,`producto_id`,`disponible`) VALUES (1,1,18,1);
INSERT IGNORE INTO `producto_tienda` (`tenant_id`,`tienda_id`,`producto_id`,`disponible`) VALUES (1,1,19,1);
INSERT IGNORE INTO `producto_tienda` (`tenant_id`,`tienda_id`,`producto_id`,`disponible`) VALUES (1,1,20,1);
INSERT IGNORE INTO `producto_tienda` (`tenant_id`,`tienda_id`,`producto_id`,`disponible`) VALUES (1,1,21,1);
INSERT IGNORE INTO `producto_tienda` (`tenant_id`,`tienda_id`,`producto_id`,`disponible`) VALUES (1,1,22,1);
INSERT IGNORE INTO `producto_tienda` (`tenant_id`,`tienda_id`,`producto_id`,`disponible`) VALUES (1,1,23,1);
INSERT IGNORE INTO `producto_tienda` (`tenant_id`,`tienda_id`,`producto_id`,`disponible`) VALUES (1,1,24,1);
INSERT IGNORE INTO `producto_tienda` (`tenant_id`,`tienda_id`,`producto_id`,`disponible`) VALUES (1,1,25,1);

-- Verificacion rapida
SELECT 'Tenants:'      AS info, COUNT(*) AS total FROM tenants
UNION ALL SELECT 'Empresas:',   COUNT(*) FROM empresas   WHERE tenant_id=1
UNION ALL SELECT 'Tiendas:',    COUNT(*) FROM tiendas    WHERE tenant_id=1
UNION ALL SELECT 'Usuarios:',   COUNT(*) FROM users      WHERE tenant_id=1
UNION ALL SELECT 'Categorias:', COUNT(*) FROM categorias WHERE tenant_id=1 AND activo=1
UNION ALL SELECT 'Productos:',  COUNT(*) FROM productos  WHERE tenant_id=1 AND activo=1
UNION ALL SELECT 'Prod-Tienda:',COUNT(*) FROM producto_tienda WHERE tienda_id=1
UNION ALL SELECT 'Menu config:',COUNT(*) FROM menu_digital_config WHERE tenant_id=1;
