-- ============================================================
-- POS-iaDoS v2.2.0: Seed completo exportado de BD local
-- Generado: 2026-02-25T04:47:34.077Z
-- ============================================================
USE pos_iados;
SET SESSION check_constraint_checks=OFF;

-- tenants (3 filas)
INSERT IGNORE INTO `tenants` (`id`,`nombre`,`slug`,`razon_social`,`rfc`,`direccion`,`telefono`,`email`,`logo_url`,`activo`,`created_at`,`updated_at`) VALUES (1,'iaDoS Corp','iados-corp','iaDoS - Inteligencia Artificial DevOps Solutions',NULL,NULL,'555-IADOS','info@iados.mx',NULL,1,'2026-02-17 07:49:37.000000','2026-02-17 07:49:37.000000');
INSERT IGNORE INTO `tenants` (`id`,`nombre`,`slug`,`razon_social`,`rfc`,`direccion`,`telefono`,`email`,`logo_url`,`activo`,`created_at`,`updated_at`) VALUES (3,'Mariscos','mariscos','Mariscos Apodaca','',NULL,'8318989580','axel.muniz@live.com',NULL,1,'2026-02-18 00:46:39.000000','2026-02-18 00:46:39.000000');
INSERT IGNORE INTO `tenants` (`id`,`nombre`,`slug`,`razon_social`,`rfc`,`direccion`,`telefono`,`email`,`logo_url`,`activo`,`created_at`,`updated_at`) VALUES (4,'Mariscos 2-13\'s San Miguel','mariscos-2-13\'s-san-miguel','Mariscos 2-13\'s San Miguel','',NULL,'8318989580','contacto@mariscos213s.com',NULL,1,'2026-02-18 05:30:37.000000','2026-02-18 05:30:37.000000');

-- empresas (3 filas)
INSERT IGNORE INTO `empresas` (`id`,`tenant_id`,`nombre`,`razon_social`,`rfc`,`direccion`,`telefono`,`email`,`logo_url`,`activo`,`created_at`,`updated_at`,`config_apariencia`) VALUES (1,1,'Restaurante Demo iaDoS','Restaurante Demo SA de CV',NULL,NULL,NULL,NULL,NULL,1,'2026-02-17 07:49:37.000000','2026-02-21 17:42:09.000000',NULL);
INSERT IGNORE INTO `empresas` (`id`,`tenant_id`,`nombre`,`razon_social`,`rfc`,`direccion`,`telefono`,`email`,`logo_url`,`activo`,`created_at`,`updated_at`,`config_apariencia`) VALUES (3,3,'Mariscos Apodaca',NULL,NULL,NULL,NULL,NULL,NULL,1,'2026-02-18 00:48:28.000000','2026-02-18 00:48:28.000000',NULL);
INSERT IGNORE INTO `empresas` (`id`,`tenant_id`,`nombre`,`razon_social`,`rfc`,`direccion`,`telefono`,`email`,`logo_url`,`activo`,`created_at`,`updated_at`,`config_apariencia`) VALUES (4,4,'Mariscos 2-13\'s San Miguel',NULL,NULL,NULL,NULL,NULL,'/api/uploads/logo-empresa-4-1771392896645.jpeg',1,'2026-02-18 05:32:42.000000','2026-02-20 08:46:49.000000',NULL);

-- tiendas (3 filas)
INSERT IGNORE INTO `tiendas` (`id`,`tenant_id`,`empresa_id`,`nombre`,`direccion`,`telefono`,`email`,`zona_horaria`,`config_ticket`,`config_impresora`,`activo`,`created_at`,`updated_at`,`config_pos`) VALUES (1,1,1,'Sucursal Centro','Av. Principal #123, Centro, CDMX','','','America/Mexico_City',NULL,NULL,1,'2026-02-17 07:49:37.000000','2026-02-21 17:42:12.000000',NULL);
INSERT IGNORE INTO `tiendas` (`id`,`tenant_id`,`empresa_id`,`nombre`,`direccion`,`telefono`,`email`,`zona_horaria`,`config_ticket`,`config_impresora`,`activo`,`created_at`,`updated_at`,`config_pos`) VALUES (2,3,3,'Mariscos Apodaca','Apodaca Santa Rosa','','','America/Mexico_City',NULL,NULL,1,'2026-02-18 00:48:28.000000','2026-02-18 00:48:55.000000',NULL);
INSERT IGNORE INTO `tiendas` (`id`,`tenant_id`,`empresa_id`,`nombre`,`direccion`,`telefono`,`email`,`zona_horaria`,`config_ticket`,`config_impresora`,`activo`,`created_at`,`updated_at`,`config_pos`) VALUES (3,4,4,'Mariscos 2-13\'s San Miguel','Apodaca','8318989580','contacto@mariscos213s.com','America/Mexico_City',NULL,NULL,1,'2026-02-18 05:32:42.000000','2026-02-21 10:20:48.000000',NULL);

-- licencias (3 filas)
INSERT IGNORE INTO `licencias` (`id`,`tenant_id`,`codigo_instalacion`,`codigo_activacion`,`plan`,`features`,`max_tiendas`,`max_usuarios`,`fecha_inicio`,`fecha_fin`,`grace_days`,`offline_allowed`,`estado`,`activated_at`,`last_heartbeat`,`notas`,`created_at`,`updated_at`) VALUES (1,1,'INS-E7B5A92B',NULL,'pro','[\"pos\",\"caja\",\"pedidos\",\"reportes\",\"dashboard\"]',2,5,'2026-02-18 00:00:00.000000','2026-03-20 00:00:00.000000',7,1,'trial',NULL,NULL,NULL,'2026-02-18 00:17:57.000000','2026-02-18 00:17:57.000000');
INSERT IGNORE INTO `licencias` (`id`,`tenant_id`,`codigo_instalacion`,`codigo_activacion`,`plan`,`features`,`max_tiendas`,`max_usuarios`,`fecha_inicio`,`fecha_fin`,`grace_days`,`offline_allowed`,`estado`,`activated_at`,`last_heartbeat`,`notas`,`created_at`,`updated_at`) VALUES (5,3,'INS-D3399730','97a5be8d2f427305c47b94cfdae2e86b8033140731aed6ceb4f0d278dc9cf3a2710d203349b52b526e3dbea7fb3d2461b8080a09bcd4e0158e49d314e3f649d7cfaf29fba7634df0c7236f7b0d23d8303ce711de80aa365b25e1d35b88d27d5c2da65fe3f20ba4394b935224c7abba719af07757606c5630745be1e089a7ae3c11f233f327deaabf89544f23ab4288e441f0264ed703b97d17722a85cb707632','pro','[\"pos\",\"caja\",\"pedidos\",\"reportes\",\"dashboard\"]',3,10,'2026-02-18 00:00:00.000000','2027-02-18 00:00:00.000000',15,1,'activa','2026-02-18 01:02:05.000000','2026-02-18 01:02:05.000000',NULL,'2026-02-18 01:01:59.000000','2026-02-18 01:02:04.000000');
INSERT IGNORE INTO `licencias` (`id`,`tenant_id`,`codigo_instalacion`,`codigo_activacion`,`plan`,`features`,`max_tiendas`,`max_usuarios`,`fecha_inicio`,`fecha_fin`,`grace_days`,`offline_allowed`,`estado`,`activated_at`,`last_heartbeat`,`notas`,`created_at`,`updated_at`) VALUES (6,4,'INS-7C8024B3',NULL,'pro','[\"pos\",\"caja\",\"pedidos\",\"reportes\",\"dashboard\"]',2,5,'2026-02-18 00:00:00.000000','2026-03-20 00:00:00.000000',7,1,'trial',NULL,NULL,NULL,'2026-02-18 05:33:43.000000','2026-02-18 05:33:43.000000');

-- users (6 filas)
INSERT IGNORE INTO `users` (`id`,`tenant_id`,`empresa_id`,`tienda_id`,`nombre`,`email`,`password`,`rol`,`pin`,`activo`,`ultimo_login`,`created_at`,`updated_at`) VALUES (1,1,1,1,'Super Admin','admin@iados.mx','$2a$10$vxlPjwiQUu/dK/gyUB.DI.2HJakEqGynxOjwwqZZpCax8dOqRuvoy','superadmin','0000',1,'2026-02-25 00:36:27.000000','2026-02-17 07:49:37.000000','2026-02-25 00:36:26.000000');
INSERT IGNORE INTO `users` (`id`,`tenant_id`,`empresa_id`,`tienda_id`,`nombre`,`email`,`password`,`rol`,`pin`,`activo`,`ultimo_login`,`created_at`,`updated_at`) VALUES (2,1,1,1,'Administrador','admin2@iados.mx','$2a$10$vxlPjwiQUu/dK/gyUB.DI.2HJakEqGynxOjwwqZZpCax8dOqRuvoy','admin','1111',1,NULL,'2026-02-17 07:49:37.000000','2026-02-17 07:49:37.000000');
INSERT IGNORE INTO `users` (`id`,`tenant_id`,`empresa_id`,`tienda_id`,`nombre`,`email`,`password`,`rol`,`pin`,`activo`,`ultimo_login`,`created_at`,`updated_at`) VALUES (3,1,1,1,'Cajero Demo','cajero@iados.mx','$2a$10$2GE3so4U7kcdP5u0xd97QO7IeIripbjEuSqdAHqugrpKnxQOgskl6','cajero','1234',1,NULL,'2026-02-17 07:49:37.000000','2026-02-17 07:49:37.000000');
INSERT IGNORE INTO `users` (`id`,`tenant_id`,`empresa_id`,`tienda_id`,`nombre`,`email`,`password`,`rol`,`pin`,`activo`,`ultimo_login`,`created_at`,`updated_at`) VALUES (4,1,1,1,'Mesero Demo','mesero@iados.mx','$2a$10$2GE3so4U7kcdP5u0xd97QO7IeIripbjEuSqdAHqugrpKnxQOgskl6','mesero','5678',1,NULL,'2026-02-17 07:49:37.000000','2026-02-17 22:47:12.000000');
INSERT IGNORE INTO `users` (`id`,`tenant_id`,`empresa_id`,`tienda_id`,`nombre`,`email`,`password`,`rol`,`pin`,`activo`,`ultimo_login`,`created_at`,`updated_at`) VALUES (6,3,3,2,'Admin de Marisco Apodaca','admin@mariscos.com','$2a$10$vxlPjwiQUu/dK/gyUB.DI.2HJakEqGynxOjwwqZZpCax8dOqRuvoy','admin','123',1,'2026-02-18 01:26:44.000000','2026-02-18 00:48:28.000000','2026-02-18 01:26:44.000000');
INSERT IGNORE INTO `users` (`id`,`tenant_id`,`empresa_id`,`tienda_id`,`nombre`,`email`,`password`,`rol`,`pin`,`activo`,`ultimo_login`,`created_at`,`updated_at`) VALUES (7,4,4,3,'Mariscos 2-13\'s San Miguel','admin@mariscos213s.com','$2a$10$vxlPjwiQUu/dK/gyUB.DI.2HJakEqGynxOjwwqZZpCax8dOqRuvoy','admin','123',1,'2026-02-25 04:25:10.000000','2026-02-18 05:32:42.000000','2026-02-25 04:25:09.000000');

-- ticket_configs (2 filas)
INSERT IGNORE INTO `ticket_configs` (`id`,`tenant_id`,`empresa_id`,`tienda_id`,`encabezado_linea1`,`encabezado_linea2`,`encabezado_linea3`,`pie_linea1`,`pie_linea2`,`ancho_papel`,`columnas`,`mostrar_logo`,`mostrar_fecha`,`mostrar_cajero`,`mostrar_folio`,`mostrar_marca_iados`,`created_at`,`updated_at`,`logo_url`) VALUES (1,1,NULL,NULL,'Restaurante Demo iaDoS','Av. Principal #123, Centro','Tel: 555-IADOS','Gracias por su preferencia!','Desarrollado por iaDoS - iados.mx',80,42,1,1,1,1,1,'2026-02-17 07:49:37.000000','2026-02-17 07:49:37.000000',NULL);
INSERT IGNORE INTO `ticket_configs` (`id`,`tenant_id`,`empresa_id`,`tienda_id`,`encabezado_linea1`,`encabezado_linea2`,`encabezado_linea3`,`pie_linea1`,`pie_linea2`,`ancho_papel`,`columnas`,`mostrar_logo`,`mostrar_fecha`,`mostrar_cajero`,`mostrar_folio`,`mostrar_marca_iados`,`created_at`,`updated_at`,`logo_url`) VALUES (2,4,NULL,NULL,'Mariscos 2-13\'s ','San Miguel','Apodaca Nuevo Leon Suc. #1','Gracias por su compra','Desarrollado por iaDoS..mx',80,42,1,1,1,1,1,'2026-02-18 06:53:31.000000','2026-02-18 06:53:31.000000','/api/uploads/logo-ticket-1771400947812.jpeg');

-- categorias (16 filas)
INSERT IGNORE INTO `categorias` (`id`,`tenant_id`,`empresa_id`,`nombre`,`descripcion`,`color`,`icono`,`orden`,`activo`,`es_seccion_especial`,`tipo_seccion`,`created_at`,`updated_at`,`imagen_url`) VALUES (1,1,1,'Hamburguesas',NULL,'#FF6B35','burger',1,1,0,'','2026-02-17 07:49:37.000000','2026-02-18 01:13:44.000000','https://img.hogar.mapfre.es/wp-content/uploads/2018/09/hamburguesa-sencilla.jpg');
INSERT IGNORE INTO `categorias` (`id`,`tenant_id`,`empresa_id`,`nombre`,`descripcion`,`color`,`icono`,`orden`,`activo`,`es_seccion_especial`,`tipo_seccion`,`created_at`,`updated_at`,`imagen_url`) VALUES (2,1,1,'Pizzas',NULL,'#E8272C','pizza',2,1,0,'','2026-02-17 07:49:37.000000','2026-02-18 01:24:08.000000','https://www.sortirambnens.com/wp-content/uploads/2019/02/pizza-de-peperoni.jpg');
INSERT IGNORE INTO `categorias` (`id`,`tenant_id`,`empresa_id`,`nombre`,`descripcion`,`color`,`icono`,`orden`,`activo`,`es_seccion_especial`,`tipo_seccion`,`created_at`,`updated_at`,`imagen_url`) VALUES (3,1,1,'Tacos',NULL,'#FFA500','taco',3,1,0,NULL,'2026-02-17 07:49:37.000000','2026-02-17 07:49:37.000000',NULL);
INSERT IGNORE INTO `categorias` (`id`,`tenant_id`,`empresa_id`,`nombre`,`descripcion`,`color`,`icono`,`orden`,`activo`,`es_seccion_especial`,`tipo_seccion`,`created_at`,`updated_at`,`imagen_url`) VALUES (4,1,1,'Ensaladas',NULL,'#4CAF50','salad',4,1,0,NULL,'2026-02-17 07:49:37.000000','2026-02-17 07:49:37.000000',NULL);
INSERT IGNORE INTO `categorias` (`id`,`tenant_id`,`empresa_id`,`nombre`,`descripcion`,`color`,`icono`,`orden`,`activo`,`es_seccion_especial`,`tipo_seccion`,`created_at`,`updated_at`,`imagen_url`) VALUES (5,1,1,'Bebidas',NULL,'#2196F3','drink',5,1,1,'bebidas','2026-02-17 07:49:37.000000','2026-02-17 07:49:37.000000',NULL);
INSERT IGNORE INTO `categorias` (`id`,`tenant_id`,`empresa_id`,`nombre`,`descripcion`,`color`,`icono`,`orden`,`activo`,`es_seccion_especial`,`tipo_seccion`,`created_at`,`updated_at`,`imagen_url`) VALUES (6,1,1,'Postres',NULL,'#E91E63','cake',6,1,1,'postres','2026-02-17 07:49:37.000000','2026-02-17 07:49:37.000000',NULL);
INSERT IGNORE INTO `categorias` (`id`,`tenant_id`,`empresa_id`,`nombre`,`descripcion`,`color`,`icono`,`orden`,`activo`,`es_seccion_especial`,`tipo_seccion`,`created_at`,`updated_at`,`imagen_url`) VALUES (7,1,1,'Extras',NULL,'#9C27B0','plus',7,1,1,'adicionales','2026-02-17 07:49:37.000000','2026-02-17 07:49:37.000000',NULL);
INSERT IGNORE INTO `categorias` (`id`,`tenant_id`,`empresa_id`,`nombre`,`descripcion`,`color`,`icono`,`orden`,`activo`,`es_seccion_especial`,`tipo_seccion`,`created_at`,`updated_at`,`imagen_url`) VALUES (8,4,4,'Filetes',NULL,'#3b82f6','',1,1,0,'','2026-02-18 05:42:13.000000','2026-02-18 05:42:13.000000','https://carnescesareogomez.es/wp-content/uploads/2019/07/018-carnescesareogomez-filetes-ternera-rosada-scaled.jpg');
INSERT IGNORE INTO `categorias` (`id`,`tenant_id`,`empresa_id`,`nombre`,`descripcion`,`color`,`icono`,`orden`,`activo`,`es_seccion_especial`,`tipo_seccion`,`created_at`,`updated_at`,`imagen_url`) VALUES (10,4,4,'Caldos',NULL,'#3b82f6','',2,1,0,'','2026-02-18 05:43:16.000000','2026-02-18 05:43:16.000000','https://mojo.generalmills.com/api/public/content/G4xwfLpM6USzSPKYomXZtQ_gmi_hi_res_jpeg.jpeg?v\\u003d5fd6073b\\u0026t\\u003d16e3ce250f244648bef28c5949fb99ff');
INSERT IGNORE INTO `categorias` (`id`,`tenant_id`,`empresa_id`,`nombre`,`descripcion`,`color`,`icono`,`orden`,`activo`,`es_seccion_especial`,`tipo_seccion`,`created_at`,`updated_at`,`imagen_url`) VALUES (9,4,4,'Camarones',NULL,'#3b82f6','',3,1,0,'','2026-02-18 05:42:47.000000','2026-02-18 05:43:28.000000','https://recetascanarias.net/wp-content/uploads/2025/08/camarones-cocidos-al-estilo-canario.webp');
INSERT IGNORE INTO `categorias` (`id`,`tenant_id`,`empresa_id`,`nombre`,`descripcion`,`color`,`icono`,`orden`,`activo`,`es_seccion_especial`,`tipo_seccion`,`created_at`,`updated_at`,`imagen_url`) VALUES (12,4,4,'Tostadas',NULL,'#3b82f6','',4,1,0,'','2026-02-18 05:44:16.000000','2026-02-18 05:44:16.000000','https://guerrerotortillas.com/wp-content/uploads/2021/04/beef-tostadas.jpg');
INSERT IGNORE INTO `categorias` (`id`,`tenant_id`,`empresa_id`,`nombre`,`descripcion`,`color`,`icono`,`orden`,`activo`,`es_seccion_especial`,`tipo_seccion`,`created_at`,`updated_at`,`imagen_url`) VALUES (13,4,4,'Aguachile',NULL,'#3b82f6','',5,1,0,'','2026-02-18 05:44:43.000000','2026-02-18 05:44:43.000000','https://www.chilipeppermadness.com/wp-content/uploads/2025/11/Aguachile-Recipe-SQ.jpg');
INSERT IGNORE INTO `categorias` (`id`,`tenant_id`,`empresa_id`,`nombre`,`descripcion`,`color`,`icono`,`orden`,`activo`,`es_seccion_especial`,`tipo_seccion`,`created_at`,`updated_at`,`imagen_url`) VALUES (14,4,4,'Cócteles',NULL,'#f67d3c','',6,1,0,'','2026-02-18 05:45:22.000000','2026-02-18 05:46:32.000000','https://www.muydelish.com/wp-content/uploads/2024/08/mexican-shrimp-cocktail.jpg');
INSERT IGNORE INTO `categorias` (`id`,`tenant_id`,`empresa_id`,`nombre`,`descripcion`,`color`,`icono`,`orden`,`activo`,`es_seccion_especial`,`tipo_seccion`,`created_at`,`updated_at`,`imagen_url`) VALUES (15,4,4,'Ceviches',NULL,'#3b82f6','',7,1,0,'','2026-02-18 05:46:16.000000','2026-02-18 05:46:16.000000','https://i.ytimg.com/vi/T0-clkZMi4I/maxresdefault.jpg');
INSERT IGNORE INTO `categorias` (`id`,`tenant_id`,`empresa_id`,`nombre`,`descripcion`,`color`,`icono`,`orden`,`activo`,`es_seccion_especial`,`tipo_seccion`,`created_at`,`updated_at`,`imagen_url`) VALUES (16,4,4,'Extras',NULL,'#0feb16','',10,1,1,'','2026-02-18 06:20:30.000000','2026-02-18 06:20:30.000000','https://blogger.googleusercontent.com/img/b/R29vZ2xl/AVvXsEgCC7E-fr6TmU_t0b-orKC5KyByDL6QQ_Puskxi3zhcvBCncGL2bHkCsCtgyWbmSZhi4FvprIWg_TZQ41oslurUyol5g8zjwRoou-oJloFqD7duTwcV6Klj9VV3swgIMptjq9w8RWRpfrGf/w1200-h630-p-k-no-nu/299881_294342510588372_100000378759302_965055_1680279504_n.jpg');
INSERT IGNORE INTO `categorias` (`id`,`tenant_id`,`empresa_id`,`nombre`,`descripcion`,`color`,`icono`,`orden`,`activo`,`es_seccion_especial`,`tipo_seccion`,`created_at`,`updated_at`,`imagen_url`) VALUES (17,4,4,'Bebidas',NULL,'#5f6063','',11,1,1,'','2026-02-18 06:21:16.000000','2026-02-18 06:21:16.000000','https://hips.hearstapps.com/hmg-prod/images/refrescos-portada-1653207586.jpg');

-- productos (83 filas)
INSERT IGNORE INTO `productos` (`id`,`tenant_id`,`empresa_id`,`sku`,`nombre`,`descripcion`,`precio`,`costo`,`categoria_id`,`codigo_barras`,`unidad`,`impuesto_pct`,`disponible`,`activo`,`controla_stock`,`stock_actual`,`stock_minimo`,`orden`,`modificadores`,`created_at`,`updated_at`,`imagen_url`) VALUES (1,1,1,'HAM001','Hamburguesa Clasica','Carne 150g, lechuga, tomate, cebolla','89.00','35.00',1,NULL,'pza','16.00',1,1,0,'0.00',NULL,0,NULL,'2026-02-17 07:49:37.000000','2026-02-17 07:49:37.000000',NULL);
INSERT IGNORE INTO `productos` (`id`,`tenant_id`,`empresa_id`,`sku`,`nombre`,`descripcion`,`precio`,`costo`,`categoria_id`,`codigo_barras`,`unidad`,`impuesto_pct`,`disponible`,`activo`,`controla_stock`,`stock_actual`,`stock_minimo`,`orden`,`modificadores`,`created_at`,`updated_at`,`imagen_url`) VALUES (2,1,1,'HAM002','Hamburguesa Doble','Doble carne 300g, queso, tocino','129.00','55.00',1,NULL,'pza','16.00',1,1,0,'0.00',NULL,0,NULL,'2026-02-17 07:49:37.000000','2026-02-17 07:49:37.000000',NULL);
INSERT IGNORE INTO `productos` (`id`,`tenant_id`,`empresa_id`,`sku`,`nombre`,`descripcion`,`precio`,`costo`,`categoria_id`,`codigo_barras`,`unidad`,`impuesto_pct`,`disponible`,`activo`,`controla_stock`,`stock_actual`,`stock_minimo`,`orden`,`modificadores`,`created_at`,`updated_at`,`imagen_url`) VALUES (3,1,1,'HAM003','Hamburguesa BBQ','Carne 150g, salsa BBQ, aros de cebolla','99.00','40.00',1,NULL,'pza','16.00',1,1,0,'0.00',NULL,0,NULL,'2026-02-17 07:49:37.000000','2026-02-17 07:49:37.000000',NULL);
INSERT IGNORE INTO `productos` (`id`,`tenant_id`,`empresa_id`,`sku`,`nombre`,`descripcion`,`precio`,`costo`,`categoria_id`,`codigo_barras`,`unidad`,`impuesto_pct`,`disponible`,`activo`,`controla_stock`,`stock_actual`,`stock_minimo`,`orden`,`modificadores`,`created_at`,`updated_at`,`imagen_url`) VALUES (4,1,1,'HAM004','Hamburguesa Pollo','Pechuga empanizada, mayo, lechuga','85.00','30.00',1,NULL,'pza','16.00',1,1,0,'0.00',NULL,0,NULL,'2026-02-17 07:49:37.000000','2026-02-17 07:49:37.000000',NULL);
INSERT IGNORE INTO `productos` (`id`,`tenant_id`,`empresa_id`,`sku`,`nombre`,`descripcion`,`precio`,`costo`,`categoria_id`,`codigo_barras`,`unidad`,`impuesto_pct`,`disponible`,`activo`,`controla_stock`,`stock_actual`,`stock_minimo`,`orden`,`modificadores`,`created_at`,`updated_at`,`imagen_url`) VALUES (5,1,1,'PIZ001','Pizza Pepperoni Med','Pizza mediana de pepperoni','149.00','50.00',2,NULL,'pza','16.00',1,1,0,'0.00',NULL,0,NULL,'2026-02-17 07:49:37.000000','2026-02-17 07:49:37.000000',NULL);
INSERT IGNORE INTO `productos` (`id`,`tenant_id`,`empresa_id`,`sku`,`nombre`,`descripcion`,`precio`,`costo`,`categoria_id`,`codigo_barras`,`unidad`,`impuesto_pct`,`disponible`,`activo`,`controla_stock`,`stock_actual`,`stock_minimo`,`orden`,`modificadores`,`created_at`,`updated_at`,`imagen_url`) VALUES (6,1,1,'PIZ002','Pizza Hawaiana Med','Pizza mediana hawaiana','139.00','45.00',2,NULL,'pza','16.00',1,1,0,'0.00',NULL,0,NULL,'2026-02-17 07:49:37.000000','2026-02-17 07:49:37.000000',NULL);
INSERT IGNORE INTO `productos` (`id`,`tenant_id`,`empresa_id`,`sku`,`nombre`,`descripcion`,`precio`,`costo`,`categoria_id`,`codigo_barras`,`unidad`,`impuesto_pct`,`disponible`,`activo`,`controla_stock`,`stock_actual`,`stock_minimo`,`orden`,`modificadores`,`created_at`,`updated_at`,`imagen_url`) VALUES (7,1,1,'PIZ003','Pizza 4 Quesos Med','Pizza mediana 4 quesos','159.00','55.00',2,NULL,'pza','16.00',1,1,0,'0.00',NULL,0,NULL,'2026-02-17 07:49:37.000000','2026-02-17 07:49:37.000000',NULL);
INSERT IGNORE INTO `productos` (`id`,`tenant_id`,`empresa_id`,`sku`,`nombre`,`descripcion`,`precio`,`costo`,`categoria_id`,`codigo_barras`,`unidad`,`impuesto_pct`,`disponible`,`activo`,`controla_stock`,`stock_actual`,`stock_minimo`,`orden`,`modificadores`,`created_at`,`updated_at`,`imagen_url`) VALUES (8,1,1,'TAC001','Orden Tacos Pastor (3)','3 tacos al pastor con pina y cilantro','65.00','25.00',3,NULL,'pza','16.00',1,1,0,'0.00',NULL,0,NULL,'2026-02-17 07:49:37.000000','2026-02-17 07:49:37.000000',NULL);
INSERT IGNORE INTO `productos` (`id`,`tenant_id`,`empresa_id`,`sku`,`nombre`,`descripcion`,`precio`,`costo`,`categoria_id`,`codigo_barras`,`unidad`,`impuesto_pct`,`disponible`,`activo`,`controla_stock`,`stock_actual`,`stock_minimo`,`orden`,`modificadores`,`created_at`,`updated_at`,`imagen_url`) VALUES (9,1,1,'TAC002','Orden Tacos Bistec (3)','3 tacos de bistec con cebolla','75.00','30.00',3,NULL,'pza','16.00',1,1,0,'0.00',NULL,0,NULL,'2026-02-17 07:49:37.000000','2026-02-17 07:49:37.000000',NULL);
INSERT IGNORE INTO `productos` (`id`,`tenant_id`,`empresa_id`,`sku`,`nombre`,`descripcion`,`precio`,`costo`,`categoria_id`,`codigo_barras`,`unidad`,`impuesto_pct`,`disponible`,`activo`,`controla_stock`,`stock_actual`,`stock_minimo`,`orden`,`modificadores`,`created_at`,`updated_at`,`imagen_url`) VALUES (10,1,1,'TAC003','Orden Tacos Suadero (3)','3 tacos de suadero','70.00','28.00',3,NULL,'pza','16.00',1,1,0,'0.00',NULL,0,NULL,'2026-02-17 07:49:37.000000','2026-02-17 07:49:37.000000',NULL);
INSERT IGNORE INTO `productos` (`id`,`tenant_id`,`empresa_id`,`sku`,`nombre`,`descripcion`,`precio`,`costo`,`categoria_id`,`codigo_barras`,`unidad`,`impuesto_pct`,`disponible`,`activo`,`controla_stock`,`stock_actual`,`stock_minimo`,`orden`,`modificadores`,`created_at`,`updated_at`,`imagen_url`) VALUES (11,1,1,'ENS001','Ensalada Cesar','Lechuga, crutones, parmesano, aderezo cesar','79.00','25.00',4,NULL,'pza','16.00',1,1,0,'0.00',NULL,0,NULL,'2026-02-17 07:49:37.000000','2026-02-17 07:49:37.000000',NULL);
INSERT IGNORE INTO `productos` (`id`,`tenant_id`,`empresa_id`,`sku`,`nombre`,`descripcion`,`precio`,`costo`,`categoria_id`,`codigo_barras`,`unidad`,`impuesto_pct`,`disponible`,`activo`,`controla_stock`,`stock_actual`,`stock_minimo`,`orden`,`modificadores`,`created_at`,`updated_at`,`imagen_url`) VALUES (12,1,1,'ENS002','Ensalada Mixta','Mix de lechugas, tomate, pepino, zanahoria','69.00','20.00',4,NULL,'pza','16.00',1,1,0,'0.00',NULL,0,NULL,'2026-02-17 07:49:37.000000','2026-02-17 07:49:37.000000',NULL);
INSERT IGNORE INTO `productos` (`id`,`tenant_id`,`empresa_id`,`sku`,`nombre`,`descripcion`,`precio`,`costo`,`categoria_id`,`codigo_barras`,`unidad`,`impuesto_pct`,`disponible`,`activo`,`controla_stock`,`stock_actual`,`stock_minimo`,`orden`,`modificadores`,`created_at`,`updated_at`,`imagen_url`) VALUES (13,1,1,'BEB001','Refresco 600ml','Cola, naranja, limon o toronja','25.00','12.00',5,NULL,'pza','16.00',1,1,0,'0.00',NULL,0,NULL,'2026-02-17 07:49:37.000000','2026-02-17 07:49:37.000000',NULL);
INSERT IGNORE INTO `productos` (`id`,`tenant_id`,`empresa_id`,`sku`,`nombre`,`descripcion`,`precio`,`costo`,`categoria_id`,`codigo_barras`,`unidad`,`impuesto_pct`,`disponible`,`activo`,`controla_stock`,`stock_actual`,`stock_minimo`,`orden`,`modificadores`,`created_at`,`updated_at`,`imagen_url`) VALUES (14,1,1,'BEB002','Agua Natural 600ml','Agua purificada','15.00','5.00',5,NULL,'pza','16.00',1,1,0,'0.00',NULL,0,NULL,'2026-02-17 07:49:37.000000','2026-02-18 01:23:30.000000','https://carnemart.com/wp-content/uploads/2025/10/850620.png');
INSERT IGNORE INTO `productos` (`id`,`tenant_id`,`empresa_id`,`sku`,`nombre`,`descripcion`,`precio`,`costo`,`categoria_id`,`codigo_barras`,`unidad`,`impuesto_pct`,`disponible`,`activo`,`controla_stock`,`stock_actual`,`stock_minimo`,`orden`,`modificadores`,`created_at`,`updated_at`,`imagen_url`) VALUES (15,1,1,'BEB003','Jugo Natural','Naranja, zanahoria o verde','35.00','15.00',5,NULL,'pza','16.00',1,1,0,'0.00',NULL,0,NULL,'2026-02-17 07:49:37.000000','2026-02-17 07:49:37.000000',NULL);
INSERT IGNORE INTO `productos` (`id`,`tenant_id`,`empresa_id`,`sku`,`nombre`,`descripcion`,`precio`,`costo`,`categoria_id`,`codigo_barras`,`unidad`,`impuesto_pct`,`disponible`,`activo`,`controla_stock`,`stock_actual`,`stock_minimo`,`orden`,`modificadores`,`created_at`,`updated_at`,`imagen_url`) VALUES (16,1,1,'BEB004','Limonada','Limonada natural preparada','28.00','8.00',5,NULL,'pza','16.00',1,1,0,'0.00',NULL,0,NULL,'2026-02-17 07:49:37.000000','2026-02-17 07:49:37.000000',NULL);
INSERT IGNORE INTO `productos` (`id`,`tenant_id`,`empresa_id`,`sku`,`nombre`,`descripcion`,`precio`,`costo`,`categoria_id`,`codigo_barras`,`unidad`,`impuesto_pct`,`disponible`,`activo`,`controla_stock`,`stock_actual`,`stock_minimo`,`orden`,`modificadores`,`created_at`,`updated_at`,`imagen_url`) VALUES (17,1,1,'BEB005','Cafe Americano','Cafe de grano recien preparado','30.00','8.00',5,NULL,'pza','16.00',1,1,0,'0.00',NULL,0,NULL,'2026-02-17 07:49:37.000000','2026-02-18 20:08:22.000000','http://www.somoselcafe.com.ar/img/novedades/47.jpg');
INSERT IGNORE INTO `productos` (`id`,`tenant_id`,`empresa_id`,`sku`,`nombre`,`descripcion`,`precio`,`costo`,`categoria_id`,`codigo_barras`,`unidad`,`impuesto_pct`,`disponible`,`activo`,`controla_stock`,`stock_actual`,`stock_minimo`,`orden`,`modificadores`,`created_at`,`updated_at`,`imagen_url`) VALUES (18,1,1,'POS001','Pastel Chocolate','Rebanada de pastel de chocolate','55.00','20.00',6,NULL,'pza','16.00',1,1,0,'0.00',NULL,0,NULL,'2026-02-17 07:49:37.000000','2026-02-17 07:49:37.000000',NULL);
INSERT IGNORE INTO `productos` (`id`,`tenant_id`,`empresa_id`,`sku`,`nombre`,`descripcion`,`precio`,`costo`,`categoria_id`,`codigo_barras`,`unidad`,`impuesto_pct`,`disponible`,`activo`,`controla_stock`,`stock_actual`,`stock_minimo`,`orden`,`modificadores`,`created_at`,`updated_at`,`imagen_url`) VALUES (19,1,1,'POS002','Helado 2 Bolas','Helado artesanal, elige 2 sabores','45.00','15.00',6,NULL,'pza','16.00',1,1,0,'0.00',NULL,0,NULL,'2026-02-17 07:49:37.000000','2026-02-17 07:49:37.000000',NULL);
INSERT IGNORE INTO `productos` (`id`,`tenant_id`,`empresa_id`,`sku`,`nombre`,`descripcion`,`precio`,`costo`,`categoria_id`,`codigo_barras`,`unidad`,`impuesto_pct`,`disponible`,`activo`,`controla_stock`,`stock_actual`,`stock_minimo`,`orden`,`modificadores`,`created_at`,`updated_at`,`imagen_url`) VALUES (20,1,1,'POS003','Flan Napolitano','Flan casero con caramelo','40.00','12.00',6,NULL,'pza','16.00',1,1,0,'0.00',NULL,0,NULL,'2026-02-17 07:49:37.000000','2026-02-17 07:49:37.000000',NULL);
INSERT IGNORE INTO `productos` (`id`,`tenant_id`,`empresa_id`,`sku`,`nombre`,`descripcion`,`precio`,`costo`,`categoria_id`,`codigo_barras`,`unidad`,`impuesto_pct`,`disponible`,`activo`,`controla_stock`,`stock_actual`,`stock_minimo`,`orden`,`modificadores`,`created_at`,`updated_at`,`imagen_url`) VALUES (21,1,1,'EXT001','Extra Queso','Porcion extra de queso','15.00','5.00',7,NULL,'pza','16.00',1,1,0,'0.00',NULL,0,NULL,'2026-02-17 07:49:37.000000','2026-02-17 07:49:37.000000',NULL);
INSERT IGNORE INTO `productos` (`id`,`tenant_id`,`empresa_id`,`sku`,`nombre`,`descripcion`,`precio`,`costo`,`categoria_id`,`codigo_barras`,`unidad`,`impuesto_pct`,`disponible`,`activo`,`controla_stock`,`stock_actual`,`stock_minimo`,`orden`,`modificadores`,`created_at`,`updated_at`,`imagen_url`) VALUES (22,1,1,'EXT002','Extra Tocino','Porcion extra de tocino crujiente','20.00','8.00',7,NULL,'pza','16.00',1,1,0,'0.00',NULL,0,NULL,'2026-02-17 07:49:37.000000','2026-02-17 07:49:37.000000',NULL);
INSERT IGNORE INTO `productos` (`id`,`tenant_id`,`empresa_id`,`sku`,`nombre`,`descripcion`,`precio`,`costo`,`categoria_id`,`codigo_barras`,`unidad`,`impuesto_pct`,`disponible`,`activo`,`controla_stock`,`stock_actual`,`stock_minimo`,`orden`,`modificadores`,`created_at`,`updated_at`,`imagen_url`) VALUES (23,1,1,'EXT003','Papas Fritas','Porcion de papas fritas crujientes','35.00','12.00',7,NULL,'pza','16.00',1,1,0,'0.00',NULL,0,NULL,'2026-02-17 07:49:37.000000','2026-02-17 07:49:37.000000',NULL);
INSERT IGNORE INTO `productos` (`id`,`tenant_id`,`empresa_id`,`sku`,`nombre`,`descripcion`,`precio`,`costo`,`categoria_id`,`codigo_barras`,`unidad`,`impuesto_pct`,`disponible`,`activo`,`controla_stock`,`stock_actual`,`stock_minimo`,`orden`,`modificadores`,`created_at`,`updated_at`,`imagen_url`) VALUES (24,1,1,'EXT004','Guacamole','Porcion de guacamole fresco','25.00','10.00',7,NULL,'pza','16.00',1,1,0,'0.00',NULL,0,NULL,'2026-02-17 07:49:37.000000','2026-02-17 22:51:06.000000',NULL);
INSERT IGNORE INTO `productos` (`id`,`tenant_id`,`empresa_id`,`sku`,`nombre`,`descripcion`,`precio`,`costo`,`categoria_id`,`codigo_barras`,`unidad`,`impuesto_pct`,`disponible`,`activo`,`controla_stock`,`stock_actual`,`stock_minimo`,`orden`,`modificadores`,`created_at`,`updated_at`,`imagen_url`) VALUES (25,1,1,'EXT005','Aros de Cebolla','Porcion de aros de cebolla','30.00','10.00',7,NULL,'pza','16.00',1,1,0,'0.00',NULL,0,NULL,'2026-02-17 07:49:37.000000','2026-02-18 01:23:42.000000','https://www.mylatinatable.com/wp-content/uploads/2016/01/foto-heroe.jpg');
INSERT IGNORE INTO `productos` (`id`,`tenant_id`,`empresa_id`,`sku`,`nombre`,`descripcion`,`precio`,`costo`,`categoria_id`,`codigo_barras`,`unidad`,`impuesto_pct`,`disponible`,`activo`,`controla_stock`,`stock_actual`,`stock_minimo`,`orden`,`modificadores`,`created_at`,`updated_at`,`imagen_url`) VALUES (26,3,3,'PROD001','Hamburguesa test','Carne 150g con lechuga y tomate','89.00','35.00',NULL,'7.50123E+12','pza','16.00',1,1,0,'0.00','0.00',0,NULL,'2026-02-18 00:49:22.000000','2026-02-18 00:51:41.000000','https://i.ytimg.com/vi/aeDzQqqXh28/maxresdefault.jpg');
INSERT IGNORE INTO `productos` (`id`,`tenant_id`,`empresa_id`,`sku`,`nombre`,`descripcion`,`precio`,`costo`,`categoria_id`,`codigo_barras`,`unidad`,`impuesto_pct`,`disponible`,`activo`,`controla_stock`,`stock_actual`,`stock_minimo`,`orden`,`modificadores`,`created_at`,`updated_at`,`imagen_url`) VALUES (27,3,3,'PROD002','Refresco Cola Sin Azucar 600ml','Refresco de cola','25.00','12.00',NULL,'7.50123E+12','pza','16.00',1,1,0,'0.00','0.00',0,NULL,'2026-02-18 00:49:22.000000','2026-02-18 00:49:22.000000',NULL);
INSERT IGNORE INTO `productos` (`id`,`tenant_id`,`empresa_id`,`sku`,`nombre`,`descripcion`,`precio`,`costo`,`categoria_id`,`codigo_barras`,`unidad`,`impuesto_pct`,`disponible`,`activo`,`controla_stock`,`stock_actual`,`stock_minimo`,`orden`,`modificadores`,`created_at`,`updated_at`,`imagen_url`) VALUES (140,4,4,'PROD001','Filete Empanizado',NULL,'120.00','84.00',8,'7500000000001','pza','16.00',1,1,0,'0.00','0.00',0,NULL,'2026-02-18 06:27:36.000000','2026-02-18 06:27:36.000000',NULL);
INSERT IGNORE INTO `productos` (`id`,`tenant_id`,`empresa_id`,`sku`,`nombre`,`descripcion`,`precio`,`costo`,`categoria_id`,`codigo_barras`,`unidad`,`impuesto_pct`,`disponible`,`activo`,`controla_stock`,`stock_actual`,`stock_minimo`,`orden`,`modificadores`,`created_at`,`updated_at`,`imagen_url`) VALUES (141,4,4,'PROD002','Filete Gratinado',NULL,'145.00','101.50',8,'7500000000002','pza','16.00',1,1,0,'0.00','0.00',0,NULL,'2026-02-18 06:27:36.000000','2026-02-18 06:27:36.000000',NULL);
INSERT IGNORE INTO `productos` (`id`,`tenant_id`,`empresa_id`,`sku`,`nombre`,`descripcion`,`precio`,`costo`,`categoria_id`,`codigo_barras`,`unidad`,`impuesto_pct`,`disponible`,`activo`,`controla_stock`,`stock_actual`,`stock_minimo`,`orden`,`modificadores`,`created_at`,`updated_at`,`imagen_url`) VALUES (142,4,4,'PROD003','Filete al Mojo de Ajo',NULL,'145.00','101.50',8,'7500000000003','pza','16.00',1,1,0,'0.00','0.00',0,NULL,'2026-02-18 06:27:36.000000','2026-02-18 06:27:36.000000',NULL);
INSERT IGNORE INTO `productos` (`id`,`tenant_id`,`empresa_id`,`sku`,`nombre`,`descripcion`,`precio`,`costo`,`categoria_id`,`codigo_barras`,`unidad`,`impuesto_pct`,`disponible`,`activo`,`controla_stock`,`stock_actual`,`stock_minimo`,`orden`,`modificadores`,`created_at`,`updated_at`,`imagen_url`) VALUES (143,4,4,'PROD004','Filete a la Plancha',NULL,'135.00','94.50',8,'7500000000004','pza','16.00',1,1,0,'0.00','0.00',0,NULL,'2026-02-18 06:27:36.000000','2026-02-18 06:27:36.000000',NULL);
INSERT IGNORE INTO `productos` (`id`,`tenant_id`,`empresa_id`,`sku`,`nombre`,`descripcion`,`precio`,`costo`,`categoria_id`,`codigo_barras`,`unidad`,`impuesto_pct`,`disponible`,`activo`,`controla_stock`,`stock_actual`,`stock_minimo`,`orden`,`modificadores`,`created_at`,`updated_at`,`imagen_url`) VALUES (144,4,4,'PROD005','Filete Empanizado Mixto',NULL,'145.00','101.50',8,'7500000000005','pza','16.00',1,1,0,'0.00','0.00',0,NULL,'2026-02-18 06:27:36.000000','2026-02-18 06:27:36.000000',NULL);
INSERT IGNORE INTO `productos` (`id`,`tenant_id`,`empresa_id`,`sku`,`nombre`,`descripcion`,`precio`,`costo`,`categoria_id`,`codigo_barras`,`unidad`,`impuesto_pct`,`disponible`,`activo`,`controla_stock`,`stock_actual`,`stock_minimo`,`orden`,`modificadores`,`created_at`,`updated_at`,`imagen_url`) VALUES (145,4,4,'PROD006','Camarón Empanizado','','145.00','101.50',9,'7500000000006','pza','16.00',1,1,0,'0.00','0.00',0,NULL,'2026-02-18 06:27:36.000000','2026-02-18 07:09:46.000000','https://cdn.blog.paulinacocina.net/wp-content/uploads/2024/05/receta-de-camarones-empanizados-paulina-cocina-recetas-1722444280.jpg');
INSERT IGNORE INTO `productos` (`id`,`tenant_id`,`empresa_id`,`sku`,`nombre`,`descripcion`,`precio`,`costo`,`categoria_id`,`codigo_barras`,`unidad`,`impuesto_pct`,`disponible`,`activo`,`controla_stock`,`stock_actual`,`stock_minimo`,`orden`,`modificadores`,`created_at`,`updated_at`,`imagen_url`) VALUES (146,4,4,'PROD007','Camarón Gratinado','','155.00','108.50',9,'7500000000007','pza','16.00',1,1,0,'0.00','0.00',0,NULL,'2026-02-18 06:27:36.000000','2026-02-18 07:10:10.000000','https://restaurantearro.com/wp-content/uploads/2025/06/Filete-Gratinado-con-Camaron_v2-min.png');
INSERT IGNORE INTO `productos` (`id`,`tenant_id`,`empresa_id`,`sku`,`nombre`,`descripcion`,`precio`,`costo`,`categoria_id`,`codigo_barras`,`unidad`,`impuesto_pct`,`disponible`,`activo`,`controla_stock`,`stock_actual`,`stock_minimo`,`orden`,`modificadores`,`created_at`,`updated_at`,`imagen_url`) VALUES (147,4,4,'PROD008','Camarón al Mojo de Ajo','','145.00','101.50',9,'7500000000008','pza','16.00',1,1,0,'0.00','0.00',0,NULL,'2026-02-18 06:27:36.000000','2026-02-18 07:09:24.000000','https://images.getrecipekit.com/20230115002211-21092021-xcd_1614-20-20editado.png?aspect_ratio\\u003d16:9\\u0026quality\\u003d90\\u0026');
INSERT IGNORE INTO `productos` (`id`,`tenant_id`,`empresa_id`,`sku`,`nombre`,`descripcion`,`precio`,`costo`,`categoria_id`,`codigo_barras`,`unidad`,`impuesto_pct`,`disponible`,`activo`,`controla_stock`,`stock_actual`,`stock_minimo`,`orden`,`modificadores`,`created_at`,`updated_at`,`imagen_url`) VALUES (148,4,4,'PROD009','Camarón al Coco','','145.00','101.50',9,'7500000000009','pza','16.00',1,1,0,'0.00','0.00',0,NULL,'2026-02-18 06:27:36.000000','2026-02-18 07:09:08.000000','https://patijinich.com/es/wp-content/uploads/sites/3/2017/12/camarones-al-coco.jpg');
INSERT IGNORE INTO `productos` (`id`,`tenant_id`,`empresa_id`,`sku`,`nombre`,`descripcion`,`precio`,`costo`,`categoria_id`,`codigo_barras`,`unidad`,`impuesto_pct`,`disponible`,`activo`,`controla_stock`,`stock_actual`,`stock_minimo`,`orden`,`modificadores`,`created_at`,`updated_at`,`imagen_url`) VALUES (149,4,4,'PROD010','Caldo de Camarón 1 Litro','1 Litro','155.00','108.50',10,'7500000000010','1 Litro','16.00',1,1,0,'0.00','0.00',0,NULL,'2026-02-18 06:27:36.000000','2026-02-18 06:30:42.000000','https://mexicoenmicocina.com/wp-content/uploads/2017/05/1-2.jpg');
INSERT IGNORE INTO `productos` (`id`,`tenant_id`,`empresa_id`,`sku`,`nombre`,`descripcion`,`precio`,`costo`,`categoria_id`,`codigo_barras`,`unidad`,`impuesto_pct`,`disponible`,`activo`,`controla_stock`,`stock_actual`,`stock_minimo`,`orden`,`modificadores`,`created_at`,`updated_at`,`imagen_url`) VALUES (150,4,4,'PROD011','Caldo de Camarón 1/2 Litro','1/2 Litro','95.00','66.50',10,'7500000000011','1/2 Litro','16.00',1,1,0,'0.00','0.00',0,NULL,'2026-02-18 06:27:36.000000','2026-02-18 07:07:18.000000','https://comedera.com/wp-content/uploads/sites/9/2023/01/caldo-de-camaron-mexicano-shutterstock_1333108010.jpg');
INSERT IGNORE INTO `productos` (`id`,`tenant_id`,`empresa_id`,`sku`,`nombre`,`descripcion`,`precio`,`costo`,`categoria_id`,`codigo_barras`,`unidad`,`impuesto_pct`,`disponible`,`activo`,`controla_stock`,`stock_actual`,`stock_minimo`,`orden`,`modificadores`,`created_at`,`updated_at`,`imagen_url`) VALUES (151,4,4,'PROD012','Caldo de Pescado 1 Litro','1 Litro','145.00','101.50',10,'7500000000012','1 Litro','16.00',1,1,0,'0.00','0.00',0,NULL,'2026-02-18 06:27:36.000000','2026-02-18 07:07:40.000000','https://i.ytimg.com/vi/D8ByYtKjWi0/hq720.jpg?sqp\\u003d-oaymwEhCK4FEIIDSFryq4qpAxMIARUAAAAAGAElAADIQj0AgKJD\\u0026rs\\u003dAOn4CLB3g3lyjRlO1vOhj9K4ycfh4GVnBQ');
INSERT IGNORE INTO `productos` (`id`,`tenant_id`,`empresa_id`,`sku`,`nombre`,`descripcion`,`precio`,`costo`,`categoria_id`,`codigo_barras`,`unidad`,`impuesto_pct`,`disponible`,`activo`,`controla_stock`,`stock_actual`,`stock_minimo`,`orden`,`modificadores`,`created_at`,`updated_at`,`imagen_url`) VALUES (152,4,4,'PROD013','Caldo de Pescado 1/2 Litro','1/2 Litro','85.00','59.50',10,'7500000000013','1/2 Litro','16.00',1,1,0,'0.00','0.00',0,NULL,'2026-02-18 06:27:36.000000','2026-02-18 07:08:00.000000','https://i.ytimg.com/vi/9NcII7FeKH4/maxresdefault.jpg');
INSERT IGNORE INTO `productos` (`id`,`tenant_id`,`empresa_id`,`sku`,`nombre`,`descripcion`,`precio`,`costo`,`categoria_id`,`codigo_barras`,`unidad`,`impuesto_pct`,`disponible`,`activo`,`controla_stock`,`stock_actual`,`stock_minimo`,`orden`,`modificadores`,`created_at`,`updated_at`,`imagen_url`) VALUES (153,4,4,'PROD014','Caldo Mixto 1 Litro','1 Litro','155.00','108.50',10,'7500000000014','1 Litro','16.00',1,1,0,'0.00','0.00',0,NULL,'2026-02-18 06:27:36.000000','2026-02-18 07:08:24.000000','https://i.ytimg.com/vi/kSiEbXLjK2Q/maxresdefault.jpg');
INSERT IGNORE INTO `productos` (`id`,`tenant_id`,`empresa_id`,`sku`,`nombre`,`descripcion`,`precio`,`costo`,`categoria_id`,`codigo_barras`,`unidad`,`impuesto_pct`,`disponible`,`activo`,`controla_stock`,`stock_actual`,`stock_minimo`,`orden`,`modificadores`,`created_at`,`updated_at`,`imagen_url`) VALUES (154,4,4,'PROD015','Caldo Mixto 1/2 Litro','1/2 Litro','95.00','66.50',10,'7500000000015','1/2 Litro','16.00',1,1,0,'0.00','0.00',0,NULL,'2026-02-18 06:27:36.000000','2026-02-18 07:08:45.000000','https://img-global.cpcdn.com/recipes/1b9c97a6b6809969/680x781cq80/caldo-de-camaron-mixto-foto-principal.jpg');
INSERT IGNORE INTO `productos` (`id`,`tenant_id`,`empresa_id`,`sku`,`nombre`,`descripcion`,`precio`,`costo`,`categoria_id`,`codigo_barras`,`unidad`,`impuesto_pct`,`disponible`,`activo`,`controla_stock`,`stock_actual`,`stock_minimo`,`orden`,`modificadores`,`created_at`,`updated_at`,`imagen_url`) VALUES (155,4,4,'PROD016','Consomé Grande','Grande','120.00','84.00',10,'7500000000016','Grande','16.00',1,1,0,'0.00','0.00',0,NULL,'2026-02-18 06:27:36.000000','2026-02-21 20:32:14.000000','/api/uploads/1771705932838-4ltc5u.png');
INSERT IGNORE INTO `productos` (`id`,`tenant_id`,`empresa_id`,`sku`,`nombre`,`descripcion`,`precio`,`costo`,`categoria_id`,`codigo_barras`,`unidad`,`impuesto_pct`,`disponible`,`activo`,`controla_stock`,`stock_actual`,`stock_minimo`,`orden`,`modificadores`,`created_at`,`updated_at`,`imagen_url`) VALUES (156,4,4,'PROD017','Consomé 1/2','1/2','75.00','52.50',10,'7500000000017','1/2','16.00',1,1,0,'0.00','0.00',0,NULL,'2026-02-18 06:27:36.000000','2026-02-18 06:27:36.000000',NULL);
INSERT IGNORE INTO `productos` (`id`,`tenant_id`,`empresa_id`,`sku`,`nombre`,`descripcion`,`precio`,`costo`,`categoria_id`,`codigo_barras`,`unidad`,`impuesto_pct`,`disponible`,`activo`,`controla_stock`,`stock_actual`,`stock_minimo`,`orden`,`modificadores`,`created_at`,`updated_at`,`imagen_url`) VALUES (157,4,4,'PROD018','Sopa de Mariscos',NULL,'200.00','140.00',10,'7500000000018','pza','16.00',1,1,0,'0.00','0.00',0,NULL,'2026-02-18 06:27:36.000000','2026-02-18 06:27:36.000000',NULL);
INSERT IGNORE INTO `productos` (`id`,`tenant_id`,`empresa_id`,`sku`,`nombre`,`descripcion`,`precio`,`costo`,`categoria_id`,`codigo_barras`,`unidad`,`impuesto_pct`,`disponible`,`activo`,`controla_stock`,`stock_actual`,`stock_minimo`,`orden`,`modificadores`,`created_at`,`updated_at`,`imagen_url`) VALUES (158,4,4,'PROD019','Mojarra Frita',NULL,'180.00','126.00',11,'7500000000019','pza','16.00',1,1,0,'0.00','0.00',0,NULL,'2026-02-18 06:27:36.000000','2026-02-18 06:27:36.000000',NULL);
INSERT IGNORE INTO `productos` (`id`,`tenant_id`,`empresa_id`,`sku`,`nombre`,`descripcion`,`precio`,`costo`,`categoria_id`,`codigo_barras`,`unidad`,`impuesto_pct`,`disponible`,`activo`,`controla_stock`,`stock_actual`,`stock_minimo`,`orden`,`modificadores`,`created_at`,`updated_at`,`imagen_url`) VALUES (159,4,4,'PROD020','Papas a la Francesa',NULL,'45.00','31.50',11,'7500000000020','pza','16.00',1,1,0,'0.00','0.00',0,NULL,'2026-02-18 06:27:36.000000','2026-02-18 06:27:36.000000',NULL);
INSERT IGNORE INTO `productos` (`id`,`tenant_id`,`empresa_id`,`sku`,`nombre`,`descripcion`,`precio`,`costo`,`categoria_id`,`codigo_barras`,`unidad`,`impuesto_pct`,`disponible`,`activo`,`controla_stock`,`stock_actual`,`stock_minimo`,`orden`,`modificadores`,`created_at`,`updated_at`,`imagen_url`) VALUES (160,4,4,'PROD021','Papas a la Francesa con Queso',NULL,'70.00','49.00',11,'7500000000021','pza','16.00',1,1,0,'0.00','0.00',0,NULL,'2026-02-18 06:27:36.000000','2026-02-18 06:27:36.000000',NULL);
INSERT IGNORE INTO `productos` (`id`,`tenant_id`,`empresa_id`,`sku`,`nombre`,`descripcion`,`precio`,`costo`,`categoria_id`,`codigo_barras`,`unidad`,`impuesto_pct`,`disponible`,`activo`,`controla_stock`,`stock_actual`,`stock_minimo`,`orden`,`modificadores`,`created_at`,`updated_at`,`imagen_url`) VALUES (161,4,4,'PROD022','Cebollas Empanizadas','','45.00','31.50',11,'7500000000022','pza','16.00',1,1,0,'0.00','0.00',0,NULL,'2026-02-18 06:27:36.000000','2026-02-18 07:10:24.000000','https://mylatinatable.com/wp-content/uploads/2016/01/foto-heroe-1024x693.jpg');
INSERT IGNORE INTO `productos` (`id`,`tenant_id`,`empresa_id`,`sku`,`nombre`,`descripcion`,`precio`,`costo`,`categoria_id`,`codigo_barras`,`unidad`,`impuesto_pct`,`disponible`,`activo`,`controla_stock`,`stock_actual`,`stock_minimo`,`orden`,`modificadores`,`created_at`,`updated_at`,`imagen_url`) VALUES (163,4,4,'PROD024','Porción de Arroz',NULL,'15.00','10.50',11,'7500000000024','pza','16.00',1,1,0,'0.00','0.00',0,NULL,'2026-02-18 06:27:36.000000','2026-02-18 06:27:36.000000',NULL);
INSERT IGNORE INTO `productos` (`id`,`tenant_id`,`empresa_id`,`sku`,`nombre`,`descripcion`,`precio`,`costo`,`categoria_id`,`codigo_barras`,`unidad`,`impuesto_pct`,`disponible`,`activo`,`controla_stock`,`stock_actual`,`stock_minimo`,`orden`,`modificadores`,`created_at`,`updated_at`,`imagen_url`) VALUES (166,4,4,'PROD027','Refresco',NULL,'20.00','14.00',11,'7500000000027','pza','16.00',1,1,0,'0.00','0.00',0,NULL,'2026-02-18 06:27:36.000000','2026-02-18 06:27:36.000000',NULL);
INSERT IGNORE INTO `productos` (`id`,`tenant_id`,`empresa_id`,`sku`,`nombre`,`descripcion`,`precio`,`costo`,`categoria_id`,`codigo_barras`,`unidad`,`impuesto_pct`,`disponible`,`activo`,`controla_stock`,`stock_actual`,`stock_minimo`,`orden`,`modificadores`,`created_at`,`updated_at`,`imagen_url`) VALUES (167,4,4,'PROD028','Tostada de Aguachile',NULL,'65.00','45.50',12,'7500000000028','pza','16.00',1,1,0,'0.00','0.00',0,NULL,'2026-02-18 06:27:37.000000','2026-02-18 06:27:37.000000',NULL);
INSERT IGNORE INTO `productos` (`id`,`tenant_id`,`empresa_id`,`sku`,`nombre`,`descripcion`,`precio`,`costo`,`categoria_id`,`codigo_barras`,`unidad`,`impuesto_pct`,`disponible`,`activo`,`controla_stock`,`stock_actual`,`stock_minimo`,`orden`,`modificadores`,`created_at`,`updated_at`,`imagen_url`) VALUES (168,4,4,'PROD029','Tostada de Ceviche de Pez',NULL,'55.00','38.50',12,'7500000000029','pza','16.00',1,1,0,'0.00','0.00',0,NULL,'2026-02-18 06:27:37.000000','2026-02-18 06:27:37.000000',NULL);
INSERT IGNORE INTO `productos` (`id`,`tenant_id`,`empresa_id`,`sku`,`nombre`,`descripcion`,`precio`,`costo`,`categoria_id`,`codigo_barras`,`unidad`,`impuesto_pct`,`disponible`,`activo`,`controla_stock`,`stock_actual`,`stock_minimo`,`orden`,`modificadores`,`created_at`,`updated_at`,`imagen_url`) VALUES (169,4,4,'PROD030','Tostada Mixta Ceviche Pez/Camarón',NULL,'75.00','52.50',12,'7500000000030','pza','16.00',1,1,0,'0.00','0.00',0,NULL,'2026-02-18 06:27:37.000000','2026-02-18 06:27:37.000000',NULL);
INSERT IGNORE INTO `productos` (`id`,`tenant_id`,`empresa_id`,`sku`,`nombre`,`descripcion`,`precio`,`costo`,`categoria_id`,`codigo_barras`,`unidad`,`impuesto_pct`,`disponible`,`activo`,`controla_stock`,`stock_actual`,`stock_minimo`,`orden`,`modificadores`,`created_at`,`updated_at`,`imagen_url`) VALUES (170,4,4,'PROD031','Tostada Mixta Ceviche Pez, Camarón y Pulpo ',NULL,'100.00','70.00',12,'7500000000031','pza','16.00',1,1,0,'0.00','0.00',0,NULL,'2026-02-18 06:27:37.000000','2026-02-18 06:27:37.000000',NULL);
INSERT IGNORE INTO `productos` (`id`,`tenant_id`,`empresa_id`,`sku`,`nombre`,`descripcion`,`precio`,`costo`,`categoria_id`,`codigo_barras`,`unidad`,`impuesto_pct`,`disponible`,`activo`,`controla_stock`,`stock_actual`,`stock_minimo`,`orden`,`modificadores`,`created_at`,`updated_at`,`imagen_url`) VALUES (171,4,4,'PROD032','Tostada de Pulpo',NULL,'90.00','63.00',12,'7500000000032','pza','16.00',1,1,0,'0.00','0.00',0,NULL,'2026-02-18 06:27:37.000000','2026-02-18 06:27:37.000000',NULL);
INSERT IGNORE INTO `productos` (`id`,`tenant_id`,`empresa_id`,`sku`,`nombre`,`descripcion`,`precio`,`costo`,`categoria_id`,`codigo_barras`,`unidad`,`impuesto_pct`,`disponible`,`activo`,`controla_stock`,`stock_actual`,`stock_minimo`,`orden`,`modificadores`,`created_at`,`updated_at`,`imagen_url`) VALUES (172,4,4,'PROD033','Tostada de Camarón',NULL,'65.00','45.50',12,'7500000000033','pza','16.00',1,1,0,'0.00','0.00',0,NULL,'2026-02-18 06:27:37.000000','2026-02-18 06:27:37.000000',NULL);
INSERT IGNORE INTO `productos` (`id`,`tenant_id`,`empresa_id`,`sku`,`nombre`,`descripcion`,`precio`,`costo`,`categoria_id`,`codigo_barras`,`unidad`,`impuesto_pct`,`disponible`,`activo`,`controla_stock`,`stock_actual`,`stock_minimo`,`orden`,`modificadores`,`created_at`,`updated_at`,`imagen_url`) VALUES (173,4,4,'PROD034','Tostada de Atún',NULL,'120.00','84.00',12,'7500000000034','pza','16.00',1,1,0,'0.00','0.00',0,NULL,'2026-02-18 06:27:37.000000','2026-02-18 06:27:37.000000',NULL);
INSERT IGNORE INTO `productos` (`id`,`tenant_id`,`empresa_id`,`sku`,`nombre`,`descripcion`,`precio`,`costo`,`categoria_id`,`codigo_barras`,`unidad`,`impuesto_pct`,`disponible`,`activo`,`controla_stock`,`stock_actual`,`stock_minimo`,`orden`,`modificadores`,`created_at`,`updated_at`,`imagen_url`) VALUES (174,4,4,'PROD035','Agua Chile Rojo 1/2','1/2','150.00','105.00',13,'7500000000035','1/2','16.00',1,1,0,'0.00','0.00',0,NULL,'2026-02-18 06:27:37.000000','2026-02-18 06:30:07.000000','https://images.squarespace-cdn.com/content/v1/5ffcc1c8bfc8285d0384f741/1750729304916-IUIG0LQJK2JUHVV0POCN/Aguachile+Rojo+%40goatboyintl+7.jpg');
INSERT IGNORE INTO `productos` (`id`,`tenant_id`,`empresa_id`,`sku`,`nombre`,`descripcion`,`precio`,`costo`,`categoria_id`,`codigo_barras`,`unidad`,`impuesto_pct`,`disponible`,`activo`,`controla_stock`,`stock_actual`,`stock_minimo`,`orden`,`modificadores`,`created_at`,`updated_at`,`imagen_url`) VALUES (175,4,4,'PROD036','Agua Chile Rojo Grande','Grande','280.00','196.00',13,'7500000000036','Grande','16.00',1,1,0,'0.00','0.00',0,NULL,'2026-02-18 06:27:37.000000','2026-02-18 06:30:19.000000','https://i.ytimg.com/vi/Gk5-MH7WvKA/maxresdefault.jpg');
INSERT IGNORE INTO `productos` (`id`,`tenant_id`,`empresa_id`,`sku`,`nombre`,`descripcion`,`precio`,`costo`,`categoria_id`,`codigo_barras`,`unidad`,`impuesto_pct`,`disponible`,`activo`,`controla_stock`,`stock_actual`,`stock_minimo`,`orden`,`modificadores`,`created_at`,`updated_at`,`imagen_url`) VALUES (176,4,4,'PROD037','Agua Chile Verde 1/2','1/2','150.00','105.00',13,'7500000000037','1/2','16.00',1,1,0,'0.00','0.00',0,NULL,'2026-02-18 06:27:37.000000','2026-02-18 07:06:49.000000','https://30minutesmeals.com/wp-content/uploads/2022/09/fresh-aguachile-verde.jpg');
INSERT IGNORE INTO `productos` (`id`,`tenant_id`,`empresa_id`,`sku`,`nombre`,`descripcion`,`precio`,`costo`,`categoria_id`,`codigo_barras`,`unidad`,`impuesto_pct`,`disponible`,`activo`,`controla_stock`,`stock_actual`,`stock_minimo`,`orden`,`modificadores`,`created_at`,`updated_at`,`imagen_url`) VALUES (177,4,4,'PROD038','Agua Chile Verde Grande','Grande','280.00','196.00',13,'7500000000038','Grande','16.00',1,1,0,'0.00','0.00',0,NULL,'2026-02-18 06:27:37.000000','2026-02-18 07:07:02.000000','https://i.ytimg.com/vi/oqGxniYhLto/hq720.jpg?sqp\\u003d-oaymwE7CK4FEIIDSFryq4qpAy0IARUAAAAAGAElAADIQj0AgKJD8AEB-AH-CYAC0AWKAgwIABABGF8gZSg0MA8\\u003d\\u0026rs\\u003dAOn4CLAHymKptaLyXBfDteTuxiu6BHDupw');
INSERT IGNORE INTO `productos` (`id`,`tenant_id`,`empresa_id`,`sku`,`nombre`,`descripcion`,`precio`,`costo`,`categoria_id`,`codigo_barras`,`unidad`,`impuesto_pct`,`disponible`,`activo`,`controla_stock`,`stock_actual`,`stock_minimo`,`orden`,`modificadores`,`created_at`,`updated_at`,`imagen_url`) VALUES (178,4,4,'PROD039','Agua Chile Negro 1/2','1/2','150.00','105.00',13,'7500000000039','1/2','16.00',1,1,0,'0.00','0.00',0,NULL,'2026-02-18 06:27:37.000000','2026-02-18 06:29:32.000000','https://nibblesandfeasts.com/wp-content/uploads/2023/06/Aguachile-Negro-1.jpg');
INSERT IGNORE INTO `productos` (`id`,`tenant_id`,`empresa_id`,`sku`,`nombre`,`descripcion`,`precio`,`costo`,`categoria_id`,`codigo_barras`,`unidad`,`impuesto_pct`,`disponible`,`activo`,`controla_stock`,`stock_actual`,`stock_minimo`,`orden`,`modificadores`,`created_at`,`updated_at`,`imagen_url`) VALUES (179,4,4,'PROD040','Agua Chile Negro Grande','Grande','280.00','196.00',13,'7500000000040','Grande','16.00',1,1,0,'0.00','0.00',0,NULL,'2026-02-18 06:27:37.000000','2026-02-18 06:29:49.000000','https://i.ytimg.com/vi/crxmbRR3aQs/maxresdefault.jpg');
INSERT IGNORE INTO `productos` (`id`,`tenant_id`,`empresa_id`,`sku`,`nombre`,`descripcion`,`precio`,`costo`,`categoria_id`,`codigo_barras`,`unidad`,`impuesto_pct`,`disponible`,`activo`,`controla_stock`,`stock_actual`,`stock_minimo`,`orden`,`modificadores`,`created_at`,`updated_at`,`imagen_url`) VALUES (180,4,4,'PROD041','Agua Chile de Mango 1/2','1/2','150.00','105.00',13,'7500000000041','1/2','16.00',1,1,0,'0.00','0.00',0,NULL,'2026-02-18 06:27:37.000000','2026-02-18 06:28:45.000000','https://cdn7.kiwilimon.com/recetaimagen/29631/640x640/30928.jpg.jpg');
INSERT IGNORE INTO `productos` (`id`,`tenant_id`,`empresa_id`,`sku`,`nombre`,`descripcion`,`precio`,`costo`,`categoria_id`,`codigo_barras`,`unidad`,`impuesto_pct`,`disponible`,`activo`,`controla_stock`,`stock_actual`,`stock_minimo`,`orden`,`modificadores`,`created_at`,`updated_at`,`imagen_url`) VALUES (181,4,4,'PROD042','Agua Chile de Mango Grande','Grande','280.00','196.00',13,'7500000000042','Grande','16.00',1,1,0,'0.00','0.00',0,NULL,'2026-02-18 06:27:37.000000','2026-02-18 06:28:58.000000','https://chicanoeats.com/wp-content/uploads/2021/06/chicano-eats-14153.jpg');
INSERT IGNORE INTO `productos` (`id`,`tenant_id`,`empresa_id`,`sku`,`nombre`,`descripcion`,`precio`,`costo`,`categoria_id`,`codigo_barras`,`unidad`,`impuesto_pct`,`disponible`,`activo`,`controla_stock`,`stock_actual`,`stock_minimo`,`orden`,`modificadores`,`created_at`,`updated_at`,`imagen_url`) VALUES (182,4,4,'PROD043','Cóctel Mediano',NULL,'120.00','84.00',14,'7500000000043','pza','16.00',1,1,0,'0.00','0.00',0,NULL,'2026-02-18 06:27:37.000000','2026-02-18 06:27:37.000000',NULL);
INSERT IGNORE INTO `productos` (`id`,`tenant_id`,`empresa_id`,`sku`,`nombre`,`descripcion`,`precio`,`costo`,`categoria_id`,`codigo_barras`,`unidad`,`impuesto_pct`,`disponible`,`activo`,`controla_stock`,`stock_actual`,`stock_minimo`,`orden`,`modificadores`,`created_at`,`updated_at`,`imagen_url`) VALUES (183,4,4,'PROD044','Cóctel Grande',NULL,'230.00','161.00',14,'7500000000044','pza','16.00',1,1,0,'0.00','0.00',0,NULL,'2026-02-18 06:27:37.000000','2026-02-18 06:27:37.000000',NULL);
INSERT IGNORE INTO `productos` (`id`,`tenant_id`,`empresa_id`,`sku`,`nombre`,`descripcion`,`precio`,`costo`,`categoria_id`,`codigo_barras`,`unidad`,`impuesto_pct`,`disponible`,`activo`,`controla_stock`,`stock_actual`,`stock_minimo`,`orden`,`modificadores`,`created_at`,`updated_at`,`imagen_url`) VALUES (184,4,4,'PROD045','Cóctel con Pulpo Mediano','Mediano','150.00','105.00',14,'7500000000045','Mediano','16.00',1,1,0,'0.00','0.00',0,NULL,'2026-02-18 06:27:37.000000','2026-02-18 06:27:37.000000',NULL);
INSERT IGNORE INTO `productos` (`id`,`tenant_id`,`empresa_id`,`sku`,`nombre`,`descripcion`,`precio`,`costo`,`categoria_id`,`codigo_barras`,`unidad`,`impuesto_pct`,`disponible`,`activo`,`controla_stock`,`stock_actual`,`stock_minimo`,`orden`,`modificadores`,`created_at`,`updated_at`,`imagen_url`) VALUES (185,4,4,'PROD046','Cóctel con Pulpo Grande','Grande','290.00','203.00',14,'7500000000046','Grande','16.00',1,1,0,'0.00','0.00',0,NULL,'2026-02-18 06:27:37.000000','2026-02-18 06:27:37.000000',NULL);
INSERT IGNORE INTO `productos` (`id`,`tenant_id`,`empresa_id`,`sku`,`nombre`,`descripcion`,`precio`,`costo`,`categoria_id`,`codigo_barras`,`unidad`,`impuesto_pct`,`disponible`,`activo`,`controla_stock`,`stock_actual`,`stock_minimo`,`orden`,`modificadores`,`created_at`,`updated_at`,`imagen_url`) VALUES (186,4,4,'PROD047','Cóctel con Ceviche Mediano','Mediano','150.00','105.00',14,'7500000000047','Mediano','16.00',1,1,0,'0.00','0.00',0,NULL,'2026-02-18 06:27:37.000000','2026-02-18 06:27:37.000000',NULL);
INSERT IGNORE INTO `productos` (`id`,`tenant_id`,`empresa_id`,`sku`,`nombre`,`descripcion`,`precio`,`costo`,`categoria_id`,`codigo_barras`,`unidad`,`impuesto_pct`,`disponible`,`activo`,`controla_stock`,`stock_actual`,`stock_minimo`,`orden`,`modificadores`,`created_at`,`updated_at`,`imagen_url`) VALUES (187,4,4,'PROD048','Cóctel con Ceviche Grande','Grande','290.00','203.00',14,'7500000000048','Grande','16.00',1,1,0,'0.00','0.00',0,NULL,'2026-02-18 06:27:37.000000','2026-02-18 07:19:14.000000','https://laroussecocina.mx/wp-content/uploads/2017/12/coctel-y-ceviche-de-mariscos-001-larousse-cocina.jpg.webp');
INSERT IGNORE INTO `productos` (`id`,`tenant_id`,`empresa_id`,`sku`,`nombre`,`descripcion`,`precio`,`costo`,`categoria_id`,`codigo_barras`,`unidad`,`impuesto_pct`,`disponible`,`activo`,`controla_stock`,`stock_actual`,`stock_minimo`,`orden`,`modificadores`,`created_at`,`updated_at`,`imagen_url`) VALUES (188,4,4,'PROD049','Ceviche de Pescado 1/2','1/2','130.00','91.00',15,'7500000000049','1/2','16.00',1,1,0,'0.00','0.00',0,NULL,'2026-02-18 06:27:37.000000','2026-02-18 07:10:56.000000','https://media-cdn.tripadvisor.com/media/photo-s/19/77/73/67/litros-y-medios-litros.jpg');
INSERT IGNORE INTO `productos` (`id`,`tenant_id`,`empresa_id`,`sku`,`nombre`,`descripcion`,`precio`,`costo`,`categoria_id`,`codigo_barras`,`unidad`,`impuesto_pct`,`disponible`,`activo`,`controla_stock`,`stock_actual`,`stock_minimo`,`orden`,`modificadores`,`created_at`,`updated_at`,`imagen_url`) VALUES (189,4,4,'PROD050','Ceviche de Pescado 1 Litro','1 Litro','250.00','175.00',15,'7500000000050','1 Litro','16.00',1,1,0,'0.00','0.00',0,NULL,'2026-02-18 06:27:37.000000','2026-02-18 07:10:48.000000','https://media-cdn.tripadvisor.com/media/photo-s/19/77/73/67/litros-y-medios-litros.jpg');
INSERT IGNORE INTO `productos` (`id`,`tenant_id`,`empresa_id`,`sku`,`nombre`,`descripcion`,`precio`,`costo`,`categoria_id`,`codigo_barras`,`unidad`,`impuesto_pct`,`disponible`,`activo`,`controla_stock`,`stock_actual`,`stock_minimo`,`orden`,`modificadores`,`created_at`,`updated_at`,`imagen_url`) VALUES (190,4,4,'PROD051','Ceviche Mixto Pez y Camarón 1/2','1/2','160.00','112.00',15,'7500000000051','1/2','16.00',1,1,0,'0.00','0.00',0,NULL,'2026-02-18 06:27:37.000000','2026-02-18 07:17:47.000000','https://storage.googleapis.com/avena-recipes-v2/agtzfmF2ZW5hLWJvdHIZCxIMSW50ZXJjb21Vc2VyGICAgMW2rJ8LDA/30-03-2021/1617124296442.jpeg');
INSERT IGNORE INTO `productos` (`id`,`tenant_id`,`empresa_id`,`sku`,`nombre`,`descripcion`,`precio`,`costo`,`categoria_id`,`codigo_barras`,`unidad`,`impuesto_pct`,`disponible`,`activo`,`controla_stock`,`stock_actual`,`stock_minimo`,`orden`,`modificadores`,`created_at`,`updated_at`,`imagen_url`) VALUES (191,4,4,'PROD052','Ceviche Mixto Pez y Camarón 1 Litro','1 Litro','310.00','217.00',15,'7500000000052','1 Litro','16.00',1,1,0,'0.00','0.00',0,NULL,'2026-02-18 06:27:37.000000','2026-02-18 07:11:14.000000','https://storage.googleapis.com/avena-recipes-v2/agtzfmF2ZW5hLWJvdHIZCxIMSW50ZXJjb21Vc2VyGICAgMW2rJ8LDA/30-03-2021/1617124296442.jpeg');
INSERT IGNORE INTO `productos` (`id`,`tenant_id`,`empresa_id`,`sku`,`nombre`,`descripcion`,`precio`,`costo`,`categoria_id`,`codigo_barras`,`unidad`,`impuesto_pct`,`disponible`,`activo`,`controla_stock`,`stock_actual`,`stock_minimo`,`orden`,`modificadores`,`created_at`,`updated_at`,`imagen_url`) VALUES (192,4,4,'PROD053','Ceviche Mixto Pez, Camarón y Pulpo 1/2','1/2','200.00','140.00',15,'7500000000053','1/2','16.00',1,1,0,'0.00','0.00',0,NULL,'2026-02-18 06:27:37.000000','2026-02-18 07:18:18.000000','https://cdn0.recetasgratis.net/es/posts/9/9/6/ceviche_de_pescado_pulpo_y_camaron_58699_orig.jpg');
INSERT IGNORE INTO `productos` (`id`,`tenant_id`,`empresa_id`,`sku`,`nombre`,`descripcion`,`precio`,`costo`,`categoria_id`,`codigo_barras`,`unidad`,`impuesto_pct`,`disponible`,`activo`,`controla_stock`,`stock_actual`,`stock_minimo`,`orden`,`modificadores`,`created_at`,`updated_at`,`imagen_url`) VALUES (193,4,4,'PROD054','Ceviche Mixto Pez, Camarón y Pulpo 1 Litro','1 Litro','380.00','266.00',15,'7500000000054','1 Litro','16.00',1,1,0,'0.00','0.00',0,NULL,'2026-02-18 06:27:37.000000','2026-02-18 07:18:04.000000','https://cdn0.recetasgratis.net/es/posts/9/9/6/ceviche_de_pescado_pulpo_y_camaron_58699_paso_5_600.jpg');
INSERT IGNORE INTO `productos` (`id`,`tenant_id`,`empresa_id`,`sku`,`nombre`,`descripcion`,`precio`,`costo`,`categoria_id`,`codigo_barras`,`unidad`,`impuesto_pct`,`disponible`,`activo`,`controla_stock`,`stock_actual`,`stock_minimo`,`orden`,`modificadores`,`created_at`,`updated_at`,`imagen_url`) VALUES (194,4,4,'PROD055','Ceviche Mixto Pez/Pulpo 1/2','1/2','200.00','140.00',15,'7500000000055','1/2','16.00',1,1,0,'0.00','0.00',0,NULL,'2026-02-18 06:27:37.000000','2026-02-18 07:18:47.000000','https://cdn0.recetasgratis.net/es/posts/9/9/6/ceviche_de_pescado_pulpo_y_camaron_58699_orig.jpg');
INSERT IGNORE INTO `productos` (`id`,`tenant_id`,`empresa_id`,`sku`,`nombre`,`descripcion`,`precio`,`costo`,`categoria_id`,`codigo_barras`,`unidad`,`impuesto_pct`,`disponible`,`activo`,`controla_stock`,`stock_actual`,`stock_minimo`,`orden`,`modificadores`,`created_at`,`updated_at`,`imagen_url`) VALUES (195,4,4,'PROD056','Ceviche Mixto Pez/Pulpo 1 Litro','1 Litro','380.00','266.00',15,'7500000000056','1 Litro','16.00',1,1,0,'0.00','0.00',0,NULL,'2026-02-18 06:27:37.000000','2026-02-18 07:18:31.000000','https://i.ytimg.com/vi/WJlJhW8R2Ew/sddefault.jpg');
INSERT IGNORE INTO `productos` (`id`,`tenant_id`,`empresa_id`,`sku`,`nombre`,`descripcion`,`precio`,`costo`,`categoria_id`,`codigo_barras`,`unidad`,`impuesto_pct`,`disponible`,`activo`,`controla_stock`,`stock_actual`,`stock_minimo`,`orden`,`modificadores`,`created_at`,`updated_at`,`imagen_url`) VALUES (162,4,4,'PROD023','Tostada Extra',NULL,'2.00','1.40',16,'7500000000023','pza','16.00',1,1,0,'0.00','0.00',0,NULL,'2026-02-18 06:27:36.000000','2026-02-18 06:27:36.000000',NULL);
INSERT IGNORE INTO `productos` (`id`,`tenant_id`,`empresa_id`,`sku`,`nombre`,`descripcion`,`precio`,`costo`,`categoria_id`,`codigo_barras`,`unidad`,`impuesto_pct`,`disponible`,`activo`,`controla_stock`,`stock_actual`,`stock_minimo`,`orden`,`modificadores`,`created_at`,`updated_at`,`imagen_url`) VALUES (164,4,4,'PROD025','Salsa Extra',NULL,'5.00','3.50',16,'7500000000025','pza','16.00',1,1,0,'0.00','0.00',0,NULL,'2026-02-18 06:27:36.000000','2026-02-18 06:27:36.000000',NULL);
INSERT IGNORE INTO `productos` (`id`,`tenant_id`,`empresa_id`,`sku`,`nombre`,`descripcion`,`precio`,`costo`,`categoria_id`,`codigo_barras`,`unidad`,`impuesto_pct`,`disponible`,`activo`,`controla_stock`,`stock_actual`,`stock_minimo`,`orden`,`modificadores`,`created_at`,`updated_at`,`imagen_url`) VALUES (165,4,4,'PROD026','Aderezo Extra','','5.00','3.50',16,'7500000000026','pza','16.00',1,1,0,'0.00','0.00',0,NULL,'2026-02-18 06:27:36.000000','2026-02-18 06:28:24.000000','https://www.unileverfoodsolutions.com.mx/tendencias/eficienciaencuaresma/aderezos-para-mariscos/jcr:content/parsys/set1/row2/span12/image_2115150458.img.jpg/1674109716651.jpg');

-- menu_digital_config (2 filas)
INSERT IGNORE INTO `menu_digital_config` (`id`,`tenant_id`,`empresa_id`,`tienda_id`,`slug`,`is_active`,`modo_menu`,`sync_mode`,`sync_interval`,`cloud_url`,`api_key`,`last_published_at`,`last_publish_status`,`last_publish_error`,`created_at`,`updated_at`,`plantilla`) VALUES (1,1,1,3,'mariscos',1,'consulta','manual',30,'http://34.71.132.26:3000','291e95d74e25e613d93ee9d6ad53b82421513257017fb3a26ffde4c577c90624','2026-02-21 20:32:35.000000','success',NULL,'2026-02-21 10:09:04.000000','2026-02-21 20:32:35.000000','oscuro');
INSERT IGNORE INTO `menu_digital_config` (`id`,`tenant_id`,`empresa_id`,`tienda_id`,`slug`,`is_active`,`modo_menu`,`sync_mode`,`sync_interval`,`cloud_url`,`api_key`,`last_published_at`,`last_publish_status`,`last_publish_error`,`created_at`,`updated_at`,`plantilla`) VALUES (2,1,1,1,'sucursal-centro-mlw5zgbo',0,'consulta','manual',30,NULL,'ebf018e0da86457faa8b75117c0c43d341862f05833f546956142b4657400fc5',NULL,NULL,NULL,'2026-02-21 10:16:49.000000','2026-02-21 10:16:49.000000','oscuro');

-- Asegurar licencias activas y con tiempo suficiente
UPDATE `licencias` SET `estado`='activa', `fecha_fin`='2027-12-31', `max_tiendas`=10, `max_usuarios`=50, `grace_days`=30, `offline_allowed`=1 WHERE 1=1;

-- Activar menu digital y apuntar a servidor local
UPDATE `menu_digital_config` SET `is_active`=1, `cloud_url`='http://localhost:3000' WHERE 1=1;

-- Asegurar passwords conocidos (admin123 / cajero123) para todos los usuarios demo
UPDATE `users` SET `password`='$2a$10$vxlPjwiQUu/dK/gyUB.DI.2HJakEqGynxOjwwqZZpCax8dOqRuvoy' WHERE `rol` IN ('superadmin','admin');
UPDATE `users` SET `password`='$2a$10$2GE3so4U7kcdP5u0xd97QO7IeIripbjEuSqdAHqugrpKnxQOgskl6' WHERE `rol` IN ('cajero','mesero','manager');

-- Verificacion rapida
SELECT 'Tenants:'      AS info, COUNT(*) AS total FROM tenants
UNION ALL SELECT 'Empresas:',   COUNT(*) FROM empresas
UNION ALL SELECT 'Tiendas:',    COUNT(*) FROM tiendas
UNION ALL SELECT 'Usuarios:',   COUNT(*) FROM users
UNION ALL SELECT 'Categorias:', COUNT(*) FROM categorias WHERE activo=1
UNION ALL SELECT 'Productos:',  COUNT(*) FROM productos  WHERE activo=1
UNION ALL SELECT 'Licencias:',  COUNT(*) FROM licencias
UNION ALL SELECT 'Menu cfg:',   COUNT(*) FROM menu_digital_config;
